ISO-10303-21;
HEADER;
FILE_DESCRIPTION (( 'STEP AP214' ),
    '1' );
FILE_NAME ('SM8S24A.STEP',
    '2025-01-12T14:38:37',
    ( '' ),
    ( '' ),
    'SwSTEP 2.0',
    'SolidWorks 2023',
    '' );
FILE_SCHEMA (( 'AUTOMOTIVE_DESIGN' ));
ENDSEC;

DATA;
#1 = DIRECTION ( 'NONE',  ( 2.442576589794814878E-17, -0.1305261922200484648, 0.9914448613738109373 ) ) ;
#2 = FACE_OUTER_BOUND ( 'NONE', #301, .T. ) ;
#3 = DIRECTION ( 'NONE',  ( -1.000000000000000000, 0.000000000000000000, 0.000000000000000000 ) ) ;
#4 = CARTESIAN_POINT ( 'NONE',  ( -0.5000000000000005551, -5.421010862427528333E-17, 2.024999999999993694 ) ) ;
#5 = ORIENTED_EDGE ( 'NONE', *, *, #1129, .T. ) ;
#6 = FILL_AREA_STYLE ('',( #3149 ) ) ;
#7 = SURFACE_SIDE_STYLE ('',( #220 ) ) ;
#8 = PRESENTATION_STYLE_ASSIGNMENT (( #270 ) ) ;
#9 = DIRECTION ( 'NONE',  ( 0.000000000000000000, 0.000000000000000000, 1.000000000000000000 ) ) ;
#10 = SURFACE_STYLE_FILL_AREA ( #2486 ) ;
#11 = EDGE_CURVE ( 'NONE', #1715, #2959, #1443, .T. ) ;
#12 = ORIENTED_EDGE ( 'NONE', *, *, #87, .T. ) ;
#13 = SURFACE_SIDE_STYLE ('',( #2917 ) ) ;
#14 = EDGE_CURVE ( 'NONE', #2444, #1420, #690, .T. ) ;
#15 = DIRECTION ( 'NONE',  ( 0.000000000000000000, 1.000000000000000000, 0.000000000000000000 ) ) ;
#16 = CIRCLE ( 'NONE', #718, 0.1499999999999999667 ) ;
#17 = DIRECTION ( 'NONE',  ( -1.871330610546717406E-16, 1.000000000000000000, -0.000000000000000000 ) ) ;
#18 = ORIENTED_EDGE ( 'NONE', *, *, #1042, .T. ) ;
#19 = FACE_OUTER_BOUND ( 'NONE', #902, .T. ) ;
#20 = AXIS2_PLACEMENT_3D ( 'NONE', #2529, #3051, #2484 ) ;
#21 = VECTOR ( 'NONE', #23, 1000.000000000000000 ) ;
#22 = ORIENTED_EDGE ( 'NONE', *, *, #705, .T. ) ;
#23 = DIRECTION ( 'NONE',  ( -0.000000000000000000, -0.000000000000000000, 1.000000000000000000 ) ) ;
#24 = DIRECTION ( 'NONE',  ( 2.442576589794816419E-17, -0.1305261922200485480, -0.9914448613738108262 ) ) ;
#25 = VECTOR ( 'NONE', #1556, 1000.000000000000000 ) ;
#26 = VECTOR ( 'NONE', #2823, 1000.000000000000000 ) ;
#27 = VECTOR ( 'NONE', #2032, 1000.000000000000000 ) ;
#28 = CARTESIAN_POINT ( 'NONE',  ( 4.929999999999998828, 4.634999999999998899, 1.529999999999917204 ) ) ;
#29 = EDGE_LOOP ( 'NONE', ( #592, #1385, #2785, #1404 ) ) ;
#30 = ORIENTED_EDGE ( 'NONE', *, *, #2393, .F. ) ;
#31 = FILL_AREA_STYLE_COLOUR ( '', #932 ) ;
#32 = MECHANICAL_DESIGN_GEOMETRIC_PRESENTATION_REPRESENTATION (  '', ( #1855 ), #1915 ) ;
#33 = ADVANCED_FACE ( 'NONE', ( #2907 ), #184, .T. ) ;
#34 = LINE ( 'NONE', #1725, #77 ) ;
#35 = COLOUR_RGB ( '',0.2862745098039215508, 0.2862745098039215508, 0.2862745098039215508 ) ;
#36 = ORIENTED_EDGE ( 'NONE', *, *, #181, .T. ) ;
#37 = SURFACE_STYLE_FILL_AREA ( #1712 ) ;
#38 = VECTOR ( 'NONE', #541, 1000.000000000000000 ) ;
#39 = VERTEX_POINT ( 'NONE', #2394 ) ;
#40 = ORIENTED_EDGE ( 'NONE', *, *, #2692, .T. ) ;
#41 = SPHERICAL_SURFACE ( 'NONE', #159, 0.1499999999999999944 ) ;
#42 = AXIS2_PLACEMENT_3D ( 'NONE', #357, #2738, #2299 ) ;
#43 = SURFACE_STYLE_USAGE ( .BOTH. , #1010 ) ;
#44 = ORIENTED_EDGE ( 'NONE', *, *, #705, .F. ) ;
#45 = ORIENTED_EDGE ( 'NONE', *, *, #1881, .F. ) ;
#46 = CARTESIAN_POINT ( 'NONE',  ( -3.810000000000000053, -7.705000000000000071, 2.524999999999994138 ) ) ;
#47 = CARTESIAN_POINT ( 'NONE',  ( 5.079999999999998295, 4.634999999999998899, 1.529999999999917204 ) ) ;
#48 = ORIENTED_EDGE ( 'NONE', *, *, #2940, .T. ) ;
#49 = SURFACE_STYLE_USAGE ( .BOTH. , #267 ) ;
#50 = EDGE_CURVE ( 'NONE', #106, #244, #939, .T. ) ;
#51 = ORIENTED_EDGE ( 'NONE', *, *, #1311, .F. ) ;
#52 = ORIENTED_EDGE ( 'NONE', *, *, #893, .T. ) ;
#53 = FACE_OUTER_BOUND ( 'NONE', #738, .T. ) ;
#54 = CARTESIAN_POINT ( 'NONE',  ( -4.930000000000000604, -4.209868460931192047, 4.779999999999999361 ) ) ;
#55 = DIRECTION ( 'NONE',  ( 0.000000000000000000, 0.000000000000000000, -1.000000000000000000 ) ) ;
#56 = ORIENTED_EDGE ( 'NONE', *, *, #1519, .F. ) ;
#57 =( NAMED_UNIT ( * ) PLANE_ANGLE_UNIT ( ) SI_UNIT ( $, .RADIAN. ) );
#58 = DIRECTION ( 'NONE',  ( -0.000000000000000000, 0.000000000000000000, 1.000000000000000000 ) ) ;
#59 = ORIENTED_EDGE ( 'NONE', *, *, #1539, .F. ) ;
#60 = EDGE_CURVE ( 'NONE', #1514, #2841, #666, .T. ) ;
#61 = STYLED_ITEM ( 'NONE', ( #451 ), #2311 ) ;
#62 = ORIENTED_EDGE ( 'NONE', *, *, #556, .T. ) ;
#63 = FILL_AREA_STYLE_COLOUR ( '', #1432 ) ;
#64 = EDGE_CURVE ( 'NONE', #1460, #2390, #1170, .T. ) ;
#65 = CARTESIAN_POINT ( 'NONE',  ( 4.929999999999999716, 9.225659909995319815E-16, 4.629999999999999893 ) ) ;
#66 = AXIS2_PLACEMENT_3D ( 'NONE', #745, #1726, #2691 ) ;
#67 = VECTOR ( 'NONE', #1693, 1000.000000000000000 ) ;
#68 =( NAMED_UNIT ( * ) PLANE_ANGLE_UNIT ( ) SI_UNIT ( $, .RADIAN. ) );
#69 = PRESENTATION_STYLE_ASSIGNMENT (( #308 ) ) ;
#70 = AXIS2_PLACEMENT_3D ( 'NONE', #2090, #2265, #141 ) ;
#71 = LINE ( 'NONE', #341, #1258 ) ;
#72 = ORIENTED_EDGE ( 'NONE', *, *, #1381, .F. ) ;
#73 = LINE ( 'NONE', #1549, #609 ) ;
#74 =( NAMED_UNIT ( * ) SI_UNIT ( $, .STERADIAN. ) SOLID_ANGLE_UNIT ( ) );
#75 = MECHANICAL_DESIGN_GEOMETRIC_PRESENTATION_REPRESENTATION (  '', ( #1241 ), #1541 ) ;
#76 = DIRECTION ( 'NONE',  ( 8.537024980200808999E-17, -1.000000000000000000, 0.000000000000000000 ) ) ;
#77 = VECTOR ( 'NONE', #300, 1000.000000000000000 ) ;
#78 = EDGE_LOOP ( 'NONE', ( #1316, #2029, #2488, #1181 ) ) ;
#79 = DIRECTION ( 'NONE',  ( 0.000000000000000000, 0.000000000000000000, 1.000000000000000000 ) ) ;
#80 = VECTOR ( 'NONE', #1071, 1000.000000000000000 ) ;
#81 = VECTOR ( 'NONE', #3, 1000.000000000000000 ) ;
#82 = EDGE_LOOP ( 'NONE', ( #1201, #2675, #2199, #12, #1893, #2264, #1058 ) ) ;
#83 = DIRECTION ( 'NONE',  ( 0.000000000000000000, -0.000000000000000000, 1.000000000000000000 ) ) ;
#84 = STYLED_ITEM ( 'NONE', ( #3157 ), #899 ) ;
#85 = PRESENTATION_STYLE_ASSIGNMENT (( #3020 ) ) ;
#86 = FACE_OUTER_BOUND ( 'NONE', #2838, .T. ) ;
#87 = EDGE_CURVE ( 'NONE', #875, #2045, #2982, .T. ) ;
#88 = CARTESIAN_POINT ( 'NONE',  ( 0.000000000000000000, 4.634999999999998899, 1.529999999999917204 ) ) ;
#89 = ORIENTED_EDGE ( 'NONE', *, *, #1901, .F. ) ;
#90 =( NAMED_UNIT ( * ) SI_UNIT ( $, .STERADIAN. ) SOLID_ANGLE_UNIT ( ) );
#91 = EDGE_CURVE ( 'NONE', #106, #1979, #34, .T. ) ;
#92 = DIRECTION ( 'NONE',  ( -1.000000000000000000, 0.000000000000000000, 0.000000000000000000 ) ) ;
#93 = CARTESIAN_POINT ( 'NONE',  ( 5.017867965644034811, 4.634999999999998010, 5.245317440097203709E-16 ) ) ;
#94 = DIRECTION ( 'NONE',  ( 1.224646799147353207E-16, 1.000000000000000000, 0.000000000000000000 ) ) ;
#95 =( NAMED_UNIT ( * ) SI_UNIT ( $, .STERADIAN. ) SOLID_ANGLE_UNIT ( ) );
#96 = ORIENTED_EDGE ( 'NONE', *, *, #315, .F. ) ;
#97 = EDGE_LOOP ( 'NONE', ( #1162, #178, #1668, #2607 ) ) ;
#98 = FACE_OUTER_BOUND ( 'NONE', #3061, .T. ) ;
#99 = PLANE ( 'NONE',  #2095 ) ;
#100 = EDGE_CURVE ( 'NONE', #2470, #2195, #513, .T. ) ;
#101 = LINE ( 'NONE', #1068, #1870 ) ;
#102 = ORIENTED_EDGE ( 'NONE', *, *, #1002, .T. ) ;
#103 =( LENGTH_UNIT ( ) NAMED_UNIT ( * ) SI_UNIT ( .MILLI., .METRE. ) );
#104 = EDGE_CURVE ( 'NONE', #2841, #949, #1601, .T. ) ;
#105 = FACE_OUTER_BOUND ( 'NONE', #2225, .T. ) ;
#106 = VERTEX_POINT ( 'NONE', #769 ) ;
#107 = FILL_AREA_STYLE_COLOUR ( '', #211 ) ;
#108 = DIRECTION ( 'NONE',  ( 0.000000000000000000, 0.000000000000000000, 1.000000000000000000 ) ) ;
#109 = CARTESIAN_POINT ( 'NONE',  ( 4.929999999999998828, 4.634999999999998899, 0.1499999999999999667 ) ) ;
#110 = VECTOR ( 'NONE', #1224, 1000.000000000000000 ) ;
#111 = CIRCLE ( 'NONE', #2292, 0.5999999999999999778 ) ;
#112 = EDGE_LOOP ( 'NONE', ( #1242, #2501, #770, #730 ) ) ;
#113 = AXIS2_PLACEMENT_3D ( 'NONE', #960, #946, #146 ) ;
#114 = VECTOR ( 'NONE', #1161, 1000.000000000000000 ) ;
#115 = EDGE_CURVE ( 'NONE', #1409, #1460, #1710, .T. ) ;
#116 = DIRECTION ( 'NONE',  ( -0.000000000000000000, 1.000000000000000000, 0.000000000000000000 ) ) ;
#117 = DIRECTION ( 'NONE',  ( 0.000000000000000000, 1.000000000000000000, -0.000000000000000000 ) ) ;
#118 = LINE ( 'NONE', #1297, #2341 ) ;
#119 = ADVANCED_FACE ( 'NONE', ( #2671 ), #486, .F. ) ;
#120 = EDGE_LOOP ( 'NONE', ( #1209, #498, #156, #261 ) ) ;
#121 = PRESENTATION_STYLE_ASSIGNMENT (( #2540 ) ) ;
#122 = AXIS2_PLACEMENT_3D ( 'NONE', #2503, #1550, #1568 ) ;
#123 = LINE ( 'NONE', #2072, #293 ) ;
#124 = LINE ( 'NONE', #853, #2753 ) ;
#125 =( NAMED_UNIT ( * ) SI_UNIT ( $, .STERADIAN. ) SOLID_ANGLE_UNIT ( ) );
#126 =( GEOMETRIC_REPRESENTATION_CONTEXT ( 3 ) GLOBAL_UNCERTAINTY_ASSIGNED_CONTEXT ( ( #3076 ) ) GLOBAL_UNIT_ASSIGNED_CONTEXT ( ( #2873, #1661, #2386 ) ) REPRESENTATION_CONTEXT ( 'NONE', 'WORKASPACE' ) );
#127 =( LENGTH_UNIT ( ) NAMED_UNIT ( * ) SI_UNIT ( .MILLI., .METRE. ) );
#128 = VERTEX_POINT ( 'NONE', #46 ) ;
#129 =( LENGTH_UNIT ( ) NAMED_UNIT ( * ) SI_UNIT ( .MILLI., .METRE. ) );
#130 = LINE ( 'NONE', #3047, #926 ) ;
#131 = UNCERTAINTY_MEASURE_WITH_UNIT (LENGTH_MEASURE( 1.000000000000000082E-05 ), #1367, 'distance_accuracy_value', 'NONE');
#132 = DIRECTION ( 'NONE',  ( -0.000000000000000000, 0.000000000000000000, 1.000000000000000000 ) ) ;
#133 = DIRECTION ( 'NONE',  ( -1.000000000000000000, -0.000000000000000000, -0.000000000000000000 ) ) ;
#134 = ORIENTED_EDGE ( 'NONE', *, *, #2850, .F. ) ;
#135 = EDGE_CURVE ( 'NONE', #740, #1632, #1805, .T. ) ;
#136 = EDGE_CURVE ( 'NONE', #983, #3114, #545, .T. ) ;
#137 = DIRECTION ( 'NONE',  ( -0.000000000000000000, -0.000000000000000000, 1.000000000000000000 ) ) ;
#138 = PRESENTATION_STYLE_ASSIGNMENT (( #2370 ) ) ;
#139 = DIRECTION ( 'NONE',  ( -1.000000000000000000, 0.000000000000000000, -0.000000000000000000 ) ) ;
#140 = ORIENTED_EDGE ( 'NONE', *, *, #2846, .F. ) ;
#141 = DIRECTION ( 'NONE',  ( 0.000000000000000000, -0.9914448613738108262, -0.1305261922200485758 ) ) ;
#142 = DIRECTION ( 'NONE',  ( 0.000000000000000000, -1.000000000000000000, 0.000000000000000000 ) ) ;
#143 = FACE_OUTER_BOUND ( 'NONE', #1018, .T. ) ;
#144 = CARTESIAN_POINT ( 'NONE',  ( 3.810000000000000053, -4.634999999999999787, 0.000000000000000000 ) ) ;
#145 = FILL_AREA_STYLE ('',( #2614 ) ) ;
#146 = DIRECTION ( 'NONE',  ( 1.000000000000000000, 0.000000000000000000, 0.000000000000000000 ) ) ;
#147 = CARTESIAN_POINT ( 'NONE',  ( 4.929999999999999716, 9.225659909995319815E-16, 0.000000000000000000 ) ) ;
#148 = ORIENTED_EDGE ( 'NONE', *, *, #2073, .T. ) ;
#149 = FILL_AREA_STYLE ('',( #373 ) ) ;
#150 = CARTESIAN_POINT ( 'NONE',  ( 1.350000000000000089, -8.054999999999999716, 0.000000000000000000 ) ) ;
#151 = ADVANCED_FACE ( 'NONE', ( #2 ), #2416, .T. ) ;
#152 = LINE ( 'NONE', #941, #1302 ) ;
#153 = CARTESIAN_POINT ( 'NONE',  ( 2.309999999999999609, -4.634999999999999787, 2.524999999999994138 ) ) ;
#154 = ADVANCED_FACE ( 'NONE', ( #3121 ), #2129, .F. ) ;
#155 = CARTESIAN_POINT ( 'NONE',  ( 2.309999999999999609, 0.000000000000000000, 2.024999999999993694 ) ) ;
#156 = ORIENTED_EDGE ( 'NONE', *, *, #3111, .F. ) ;
#157 = CARTESIAN_POINT ( 'NONE',  ( -4.100000000000002309, -2.375000000000002220, 1.529999999999917204 ) ) ;
#158 = ORIENTED_EDGE ( 'NONE', *, *, #1002, .F. ) ;
#159 = AXIS2_PLACEMENT_3D ( 'NONE', #2706, #1023, #1971 ) ;
#160 = CIRCLE ( 'NONE', #2866, 0.5000000000000000000 ) ;
#161 = PRESENTATION_LAYER_ASSIGNMENT (  '', '', ( #777 ) ) ;
#162 =( GEOMETRIC_REPRESENTATION_CONTEXT ( 3 ) GLOBAL_UNCERTAINTY_ASSIGNED_CONTEXT ( ( #897 ) ) GLOBAL_UNIT_ASSIGNED_CONTEXT ( ( #298, #739, #1502 ) ) REPRESENTATION_CONTEXT ( 'NONE', 'WORKASPACE' ) );
#163 = UNCERTAINTY_MEASURE_WITH_UNIT (LENGTH_MEASURE( 1.000000000000000082E-05 ), #1277, 'distance_accuracy_value', 'NONE');
#164 = COLOUR_RGB ( '',0.2862745098039215508, 0.2862745098039215508, 0.2862745098039215508 ) ;
#165 = ORIENTED_EDGE ( 'NONE', *, *, #1667, .F. ) ;
#166 = AXIS2_PLACEMENT_3D ( 'NONE', #2874, #2105, #3086 ) ;
#167 = ORIENTED_EDGE ( 'NONE', *, *, #724, .T. ) ;
#168 = LINE ( 'NONE', #200, #578 ) ;
#169 = CARTESIAN_POINT ( 'NONE',  ( 0.6999999999999999556, -1.841414930380106174, 4.779999999999999361 ) ) ;
#170 = CYLINDRICAL_SURFACE ( 'NONE', #668, 0.5999999999999999778 ) ;
#171 = STYLED_ITEM ( 'NONE', ( #1620 ), #407 ) ;
#172 = COLOUR_RGB ( '',0.2862745098039215508, 0.2862745098039215508, 0.2862745098039215508 ) ;
#173 = EDGE_LOOP ( 'NONE', ( #518, #2423, #761, #1164 ) ) ;
#174 = DIRECTION ( 'NONE',  ( 1.000000000000000000, 8.537024980200821325E-17, 0.000000000000000000 ) ) ;
#175 = EDGE_CURVE ( 'NONE', #2535, #463, #2352, .T. ) ;
#176 = ORIENTED_EDGE ( 'NONE', *, *, #1375, .T. ) ;
#177 =( NAMED_UNIT ( * ) PLANE_ANGLE_UNIT ( ) SI_UNIT ( $, .RADIAN. ) );
#178 = ORIENTED_EDGE ( 'NONE', *, *, #1600, .F. ) ;
#179 = LINE ( 'NONE', #1149, #2756 ) ;
#180 = DIRECTION ( 'NONE',  ( 1.000000000000000000, 0.000000000000000000, 0.000000000000000000 ) ) ;
#181 = EDGE_CURVE ( 'NONE', #940, #1511, #3106, .T. ) ;
#182 =( LENGTH_UNIT ( ) NAMED_UNIT ( * ) SI_UNIT ( .MILLI., .METRE. ) );
#183 = DIRECTION ( 'NONE',  ( 1.000000000000000000, -0.000000000000000000, 0.000000000000000000 ) ) ;
#184 = PLANE ( 'NONE',  #1651 ) ;
#185 = ORIENTED_EDGE ( 'NONE', *, *, #2230, .T. ) ;
#186 = LINE ( 'NONE', #1413, #1353 ) ;
#187 =( LENGTH_UNIT ( ) NAMED_UNIT ( * ) SI_UNIT ( .MILLI., .METRE. ) );
#188 = FACE_OUTER_BOUND ( 'NONE', #1221, .T. ) ;
#189 = SURFACE_SIDE_STYLE ('',( #2900 ) ) ;
#190 = ORIENTED_EDGE ( 'NONE', *, *, #2747, .F. ) ;
#191 = LINE ( 'NONE', #701, #838 ) ;
#192 = ORIENTED_EDGE ( 'NONE', *, *, #91, .F. ) ;
#193 = PRESENTATION_STYLE_ASSIGNMENT (( #1423 ) ) ;
#194 = CARTESIAN_POINT ( 'NONE',  ( -4.250000000000001776, 4.634999999999998899, 1.529999999999917204 ) ) ;
#195 = EDGE_CURVE ( 'NONE', #355, #2716, #383, .T. ) ;
#196 = SURFACE_STYLE_FILL_AREA ( #1136 ) ;
#197 = SURFACE_STYLE_FILL_AREA ( #149 ) ;
#198 = PLANE ( 'NONE',  #1001 ) ;
#199 = ORIENTED_EDGE ( 'NONE', *, *, #649, .F. ) ;
#200 = CARTESIAN_POINT ( 'NONE',  ( -0.4999999999999998890, -4.634999999999999787, -0.001000000000000132727 ) ) ;
#201 = DIRECTION ( 'NONE',  ( 2.442576589794817651E-17, -0.1305261922200486313, 0.9914448613738108262 ) ) ;
#202 = CARTESIAN_POINT ( 'NONE',  ( -5.080000000000002736, 4.572867965644033639, 0.06213203435596426072 ) ) ;
#203 = CARTESIAN_POINT ( 'NONE',  ( 3.810000000000000053, -4.634999999999999787, 2.524999999999994138 ) ) ;
#204 = DIRECTION ( 'NONE',  ( 0.000000000000000000, -0.9914448613738108262, 0.1305261922200478819 ) ) ;
#205 = ORIENTED_EDGE ( 'NONE', *, *, #115, .T. ) ;
#206 = AXIS2_PLACEMENT_3D ( 'NONE', #2058, #1097, #1830 ) ;
#207 =( LENGTH_UNIT ( ) NAMED_UNIT ( * ) SI_UNIT ( .MILLI., .METRE. ) );
#208 = CARTESIAN_POINT ( 'NONE',  ( 4.930000000000000604, -4.485000000000001208, 1.520000000000000018 ) ) ;
#209 = DIRECTION ( 'NONE',  ( -1.000000000000000000, 0.000000000000000000, 0.000000000000000000 ) ) ;
#210 = CARTESIAN_POINT ( 'NONE',  ( -1.349999999999999645, -8.054999999999999716, 2.024999999999993694 ) ) ;
#211 = COLOUR_RGB ( '',0.2862745098039215508, 0.2862745098039215508, 0.2862745098039215508 ) ;
#212 = AXIS2_PLACEMENT_3D ( 'NONE', #936, #2816, #667 ) ;
#213 = VECTOR ( 'NONE', #395, 1000.000000000000000 ) ;
#214 = DIRECTION ( 'NONE',  ( 0.000000000000000000, -0.9914448613738108262, -0.1305261922200478819 ) ) ;
#215 = EDGE_CURVE ( 'NONE', #3098, #1314, #2301, .T. ) ;
#216 = MECHANICAL_DESIGN_GEOMETRIC_PRESENTATION_REPRESENTATION (  '', ( #2158 ), #2465 ) ;
#217 = PRESENTATION_LAYER_ASSIGNMENT (  '', '', ( #2658 ) ) ;
#218 = VERTEX_POINT ( 'NONE', #396 ) ;
#219 = CARTESIAN_POINT ( 'NONE',  ( -4.930000000000000604, -4.240148535376294880, 0.000000000000000000 ) ) ;
#220 = SURFACE_STYLE_FILL_AREA ( #1744 ) ;
#221 = DIRECTION ( 'NONE',  ( 1.000000000000000000, 0.000000000000000000, 0.000000000000000000 ) ) ;
#222 = CARTESIAN_POINT ( 'NONE',  ( 0.000000000000000000, 4.634999999999998899, 1.529999999999917204 ) ) ;
#223 =( NAMED_UNIT ( * ) PLANE_ANGLE_UNIT ( ) SI_UNIT ( $, .RADIAN. ) );
#224 = VECTOR ( 'NONE', #613, 1000.000000000000000 ) ;
#225 = DIRECTION ( 'NONE',  ( -0.000000000000000000, 0.000000000000000000, 1.000000000000000000 ) ) ;
#226 = VERTEX_POINT ( 'NONE', #895 ) ;
#227 = VECTOR ( 'NONE', #1114, 1000.000000000000000 ) ;
#228 = FILL_AREA_STYLE ('',( #1386 ) ) ;
#229 = EDGE_LOOP ( 'NONE', ( #1005, #401, #2178, #1548 ) ) ;
#230 = DIRECTION ( 'NONE',  ( 0.000000000000000000, 0.000000000000000000, -1.000000000000000000 ) ) ;
#231 = EDGE_LOOP ( 'NONE', ( #1970, #1193, #811, #158 ) ) ;
#232 = UNCERTAINTY_MEASURE_WITH_UNIT (LENGTH_MEASURE( 1.000000000000000082E-05 ), #2721, 'distance_accuracy_value', 'NONE');
#233 = DIRECTION ( 'NONE',  ( 1.000000000000000000, -1.031345705099171767E-16, 0.000000000000000000 ) ) ;
#234 = LINE ( 'NONE', #47, #1917 ) ;
#235 = LINE ( 'NONE', #1997, #606 ) ;
#236 = PRESENTATION_LAYER_ASSIGNMENT (  '', '', ( #1611 ) ) ;
#237 = EDGE_CURVE ( 'NONE', #1409, #720, #1359, .T. ) ;
#238 = EDGE_LOOP ( 'NONE', ( #625, #1759, #657, #1468 ) ) ;
#239 = CYLINDRICAL_SURFACE ( 'NONE', #3024, 0.1499999999999999667 ) ;
#240 = FACE_OUTER_BOUND ( 'NONE', #1941, .T. ) ;
#241 = SURFACE_SIDE_STYLE ('',( #2657 ) ) ;
#242 = EDGE_CURVE ( 'NONE', #767, #3148, #683, .T. ) ;
#243 =( NAMED_UNIT ( * ) PLANE_ANGLE_UNIT ( ) SI_UNIT ( $, .RADIAN. ) );
#244 = VERTEX_POINT ( 'NONE', #2334 ) ;
#245 = LINE ( 'NONE', #1458, #2365 ) ;
#246 = ORIENTED_EDGE ( 'NONE', *, *, #1523, .T. ) ;
#247 = CARTESIAN_POINT ( 'NONE',  ( -4.250000000000001776, 0.000000000000000000, -0.000000000000000000 ) ) ;
#248 = CARTESIAN_POINT ( 'NONE',  ( 5.079999999999998295, 4.484999999999998543, 1.520000000000000018 ) ) ;
#249 = EDGE_LOOP ( 'NONE', ( #2881, #2677, #1260, #1309 ) ) ;
#250 = FILL_AREA_STYLE ('',( #2434 ) ) ;
#251 = SURFACE_SIDE_STYLE ('',( #2466 ) ) ;
#252 = LINE ( 'NONE', #448, #1957 ) ;
#253 = VERTEX_POINT ( 'NONE', #2319 ) ;
#254 = LINE ( 'NONE', #1520, #2368 ) ;
#255 = ORIENTED_EDGE ( 'NONE', *, *, #2846, .T. ) ;
#256 = FACE_OUTER_BOUND ( 'NONE', #2642, .T. ) ;
#257 = EDGE_CURVE ( 'NONE', #244, #434, #908, .T. ) ;
#258 = LINE ( 'NONE', #2709, #1461 ) ;
#259 = CYLINDRICAL_SURFACE ( 'NONE', #2289, 0.1499999999999998834 ) ;
#260 = EDGE_CURVE ( 'NONE', #2410, #1355, #659, .T. ) ;
#261 = ORIENTED_EDGE ( 'NONE', *, *, #2692, .F. ) ;
#262 = CARTESIAN_POINT ( 'NONE',  ( -5.080000000000001847, 4.634999999999998899, 1.520000000000000018 ) ) ;
#263 = ORIENTED_EDGE ( 'NONE', *, *, #1850, .F. ) ;
#264 = CARTESIAN_POINT ( 'NONE',  ( 4.099999999999998757, -2.375000000000002220, 0.000000000000000000 ) ) ;
#265 = ORIENTED_EDGE ( 'NONE', *, *, #2144, .F. ) ;
#266 = UNCERTAINTY_MEASURE_WITH_UNIT (LENGTH_MEASURE( 1.000000000000000082E-05 ), #103, 'distance_accuracy_value', 'NONE');
#267 = SURFACE_SIDE_STYLE ('',( #37 ) ) ;
#268 = STYLED_ITEM ( 'NONE', ( #353 ), #1663 ) ;
#269 = ORIENTED_EDGE ( 'NONE', *, *, #2052, .F. ) ;
#270 = SURFACE_STYLE_USAGE ( .BOTH. , #241 ) ;
#271 = VECTOR ( 'NONE', #2594, 1000.000000000000000 ) ;
#272 = COLOUR_RGB ( '',0.2862745098039215508, 0.2862745098039215508, 0.2862745098039215508 ) ;
#273 = PRESENTATION_STYLE_ASSIGNMENT (( #1197 ) ) ;
#274 = LINE ( 'NONE', #780, #1430 ) ;
#275 =( LENGTH_UNIT ( ) NAMED_UNIT ( * ) SI_UNIT ( .MILLI., .METRE. ) );
#276 = ORIENTED_EDGE ( 'NONE', *, *, #1344, .F. ) ;
#277 =( GEOMETRIC_REPRESENTATION_CONTEXT ( 3 ) GLOBAL_UNCERTAINTY_ASSIGNED_CONTEXT ( ( #1061 ) ) GLOBAL_UNIT_ASSIGNED_CONTEXT ( ( #732, #1470, #2695 ) ) REPRESENTATION_CONTEXT ( 'NONE', 'WORKASPACE' ) );
#278 = EDGE_CURVE ( 'NONE', #355, #3003, #950, .T. ) ;
#279 = LINE ( 'NONE', #1252, #292 ) ;
#280 = VECTOR ( 'NONE', #2828, 1000.000000000000000 ) ;
#281 = ORIENTED_EDGE ( 'NONE', *, *, #836, .T. ) ;
#282 = DIRECTION ( 'NONE',  ( 0.000000000000000000, 0.000000000000000000, -1.000000000000000000 ) ) ;
#283 = VECTOR ( 'NONE', #15, 1000.000000000000000 ) ;
#284 = EDGE_CURVE ( 'NONE', #501, #1453, #1723, .T. ) ;
#285 =( NAMED_UNIT ( * ) PLANE_ANGLE_UNIT ( ) SI_UNIT ( $, .RADIAN. ) );
#286 = AXIS2_PLACEMENT_3D ( 'NONE', #2215, #2182, #1986 ) ;
#287 = ORIENTED_EDGE ( 'NONE', *, *, #1818, .T. ) ;
#288 = DIRECTION ( 'NONE',  ( -0.000000000000000000, -0.000000000000000000, 1.000000000000000000 ) ) ;
#289 = VERTEX_POINT ( 'NONE', #1477 ) ;
#290 = ORIENTED_EDGE ( 'NONE', *, *, #556, .F. ) ;
#291 = PLANE ( 'NONE',  #3123 ) ;
#292 = VECTOR ( 'NONE', #2961, 1000.000000000000000 ) ;
#293 = VECTOR ( 'NONE', #852, 1000.000000000000000 ) ;
#294 = FILL_AREA_STYLE ('',( #1746 ) ) ;
#295 = DIRECTION ( 'NONE',  ( -2.442576589794815802E-17, 0.1305261922200484648, -0.9914448613738109373 ) ) ;
#296 = CARTESIAN_POINT ( 'NONE',  ( -1.349999999999999645, -8.054999999999999716, 1.000000000000000000 ) ) ;
#297 = ORIENTED_EDGE ( 'NONE', *, *, #3069, .T. ) ;
#298 =( LENGTH_UNIT ( ) NAMED_UNIT ( * ) SI_UNIT ( .MILLI., .METRE. ) );
#299 = ADVANCED_FACE ( 'NONE', ( #1503 ), #2238, .T. ) ;
#300 = DIRECTION ( 'NONE',  ( 0.000000000000000000, 0.000000000000000000, -1.000000000000000000 ) ) ;
#301 = EDGE_LOOP ( 'NONE', ( #304, #205, #2934, #906 ) ) ;
#302 = DIRECTION ( 'NONE',  ( -1.000000000000000000, 0.000000000000000000, 0.000000000000000000 ) ) ;
#303 = EDGE_CURVE ( 'NONE', #2410, #2716, #2288, .T. ) ;
#304 = ORIENTED_EDGE ( 'NONE', *, *, #237, .F. ) ;
#305 = SURFACE_STYLE_FILL_AREA ( #2797 ) ;
#306 = CYLINDRICAL_SURFACE ( 'NONE', #1926, 0.1499999999999999667 ) ;
#307 = CARTESIAN_POINT ( 'NONE',  ( -0.4999999999999998890, -6.635000000000000675, -0.001000000000000132727 ) ) ;
#308 = SURFACE_STYLE_USAGE ( .BOTH. , #1766 ) ;
#309 = DIRECTION ( 'NONE',  ( -2.442576589794818884E-17, 0.1305261922200486313, -0.9914448613738108262 ) ) ;
#310 = ORIENTED_EDGE ( 'NONE', *, *, #1964, .F. ) ;
#311 = DIRECTION ( 'NONE',  ( 0.000000000000000000, 0.000000000000000000, -1.000000000000000000 ) ) ;
#312 = SURFACE_SIDE_STYLE ('',( #546 ) ) ;
#313 = MECHANICAL_DESIGN_GEOMETRIC_PRESENTATION_REPRESENTATION (  '', ( #322 ), #2104 ) ;
#314 = ORIENTED_EDGE ( 'NONE', *, *, #1991, .F. ) ;
#315 = EDGE_CURVE ( 'NONE', #998, #2528, #1447, .T. ) ;
#316 = DIRECTION ( 'NONE',  ( 1.000000000000000000, 0.000000000000000000, -0.000000000000000000 ) ) ;
#317 = CARTESIAN_POINT ( 'NONE',  ( 4.099999999999998757, -2.375000000000002220, 1.529999999999917204 ) ) ;
#318 = EDGE_CURVE ( 'NONE', #355, #244, #3043, .T. ) ;
#319 = COLOUR_RGB ( '',0.2862745098039215508, 0.2862745098039215508, 0.2862745098039215508 ) ;
#320 = CARTESIAN_POINT ( 'NONE',  ( 1.350000000000000089, -6.554999999999999716, 0.5000000000000000000 ) ) ;
#321 = AXIS2_PLACEMENT_3D ( 'NONE', #1025, #1719, #2682 ) ;
#322 = STYLED_ITEM ( 'NONE', ( #85 ), #2246 ) ;
#323 =( NAMED_UNIT ( * ) PLANE_ANGLE_UNIT ( ) SI_UNIT ( $, .RADIAN. ) );
#324 = ORIENTED_EDGE ( 'NONE', *, *, #840, .F. ) ;
#325 = FILL_AREA_STYLE_COLOUR ( '', #2660 ) ;
#326 = CARTESIAN_POINT ( 'NONE',  ( 3.810000000000000053, 0.000000000000000000, 2.024999999999993694 ) ) ;
#327 = AXIS2_PLACEMENT_3D ( 'NONE', #1739, #1949, #1966 ) ;
#328 =( NAMED_UNIT ( * ) PLANE_ANGLE_UNIT ( ) SI_UNIT ( $, .RADIAN. ) );
#329 = DIRECTION ( 'NONE',  ( 0.000000000000000000, 0.000000000000000000, -1.000000000000000000 ) ) ;
#330 = CARTESIAN_POINT ( 'NONE',  ( 0.4999999999999998890, -1.841414930380106174, 4.629999999999999893 ) ) ;
#331 = VECTOR ( 'NONE', #1015, 1000.000000000000000 ) ;
#332 =( GEOMETRIC_REPRESENTATION_CONTEXT ( 3 ) GLOBAL_UNCERTAINTY_ASSIGNED_CONTEXT ( ( #2583 ) ) GLOBAL_UNIT_ASSIGNED_CONTEXT ( ( #1790, #2277, #464 ) ) REPRESENTATION_CONTEXT ( 'NONE', 'WORKASPACE' ) );
#333 = ORIENTED_EDGE ( 'NONE', *, *, #2674, .F. ) ;
#334 = CARTESIAN_POINT ( 'NONE',  ( 1.350000000000000089, -8.054999999999999716, 1.524999999999994138 ) ) ;
#335 = ADVANCED_FACE ( 'NONE', ( #594 ), #1906, .F. ) ;
#336 = CARTESIAN_POINT ( 'NONE',  ( -5.080000000000001847, 4.634999999999998899, 1.520000000000000018 ) ) ;
#337 = VECTOR ( 'NONE', #2995, 1000.000000000000000 ) ;
#338 = FACE_OUTER_BOUND ( 'NONE', #2698, .T. ) ;
#339 =( NAMED_UNIT ( * ) SI_UNIT ( $, .STERADIAN. ) SOLID_ANGLE_UNIT ( ) );
#340 = EDGE_CURVE ( 'NONE', #2451, #1918, #1860, .T. ) ;
#341 = CARTESIAN_POINT ( 'NONE',  ( 4.930000000000000604, -4.634999999999999787, 2.000000000000047962 ) ) ;
#342 = ORIENTED_EDGE ( 'NONE', *, *, #2733, .F. ) ;
#343 = LINE ( 'NONE', #2806, #2009 ) ;
#344 = LINE ( 'NONE', #1315, #3128 ) ;
#345 = ORIENTED_EDGE ( 'NONE', *, *, #387, .T. ) ;
#346 = ADVANCED_BREP_SHAPE_REPRESENTATION ( 'SM8S24A', ( #734, #1817, #710, #879 ), #1040 ) ;
#347 = LINE ( 'NONE', #1080, #1075 ) ;
#348 = FILL_AREA_STYLE_COLOUR ( '', #2345 ) ;
#349 = LINE ( 'NONE', #3025, #337 ) ;
#350 = EDGE_LOOP ( 'NONE', ( #627, #1780, #801, #1478 ) ) ;
#351 = PRESENTATION_STYLE_ASSIGNMENT (( #566 ) ) ;
#352 = ADVANCED_FACE ( 'NONE', ( #910 ), #3094, .T. ) ;
#353 = PRESENTATION_STYLE_ASSIGNMENT (( #1553 ) ) ;
#354 = DIRECTION ( 'NONE',  ( 1.000000000000000000, 0.000000000000000000, 0.000000000000000000 ) ) ;
#355 = VERTEX_POINT ( 'NONE', #896 ) ;
#356 =( NAMED_UNIT ( * ) SI_UNIT ( $, .STERADIAN. ) SOLID_ANGLE_UNIT ( ) );
#357 = CARTESIAN_POINT ( 'NONE',  ( 4.399999999999998579, 4.484999999999998543, 1.529999999999917204 ) ) ;
#358 = MECHANICAL_DESIGN_GEOMETRIC_PRESENTATION_REPRESENTATION (  '', ( #1331 ), #2967 ) ;
#359 = PRESENTATION_LAYER_ASSIGNMENT (  '', '', ( #868 ) ) ;
#360 =( GEOMETRIC_REPRESENTATION_CONTEXT ( 3 ) GLOBAL_UNCERTAINTY_ASSIGNED_CONTEXT ( ( #447 ) ) GLOBAL_UNIT_ASSIGNED_CONTEXT ( ( #719, #1182, #1165 ) ) REPRESENTATION_CONTEXT ( 'NONE', 'WORKASPACE' ) );
#361 = VERTEX_POINT ( 'NONE', #2569 ) ;
#362 = LINE ( 'NONE', #1823, #26 ) ;
#363 = VECTOR ( 'NONE', #971, 1000.000000000000000 ) ;
#364 = VECTOR ( 'NONE', #1216, 1000.000000000000000 ) ;
#365 = ADVANCED_FACE ( 'NONE', ( #662 ), #1633, .T. ) ;
#366 = FILL_AREA_STYLE ('',( #1073 ) ) ;
#367 =( GEOMETRIC_REPRESENTATION_CONTEXT ( 3 ) GLOBAL_UNCERTAINTY_ASSIGNED_CONTEXT ( ( #3143 ) ) GLOBAL_UNIT_ASSIGNED_CONTEXT ( ( #275, #1226, #961 ) ) REPRESENTATION_CONTEXT ( 'NONE', 'WORKASPACE' ) );
#368 = PLANE ( 'NONE',  #1489 ) ;
#369 = CARTESIAN_POINT ( 'NONE',  ( 4.930000000000001492, -4.634999999999999787, 2.000000000000047073 ) ) ;
#370 = DIRECTION ( 'NONE',  ( 1.871330610546718145E-16, -1.000000000000000000, 0.000000000000000000 ) ) ;
#371 = EDGE_CURVE ( 'NONE', #2069, #1217, #2057, .T. ) ;
#372 = ORIENTED_EDGE ( 'NONE', *, *, #746, .F. ) ;
#373 = FILL_AREA_STYLE_COLOUR ( '', #1798 ) ;
#374 = AXIS2_PLACEMENT_3D ( 'NONE', #1115, #1407, #1360 ) ;
#375 = DIRECTION ( 'NONE',  ( 1.871330610546717406E-16, -1.000000000000000000, 0.000000000000000000 ) ) ;
#376 = CARTESIAN_POINT ( 'NONE',  ( 4.930000000000000604, -4.240148535376293992, 0.000000000000000000 ) ) ;
#377 = COLOUR_RGB ( '',0.2862745098039215508, 0.2862745098039215508, 0.2862745098039215508 ) ;
#378 = AXIS2_PLACEMENT_3D ( 'NONE', #2904, #2644, #2411 ) ;
#379 = ORIENTED_EDGE ( 'NONE', *, *, #840, .T. ) ;
#380 = DIRECTION ( 'NONE',  ( -0.000000000000000000, -0.000000000000000000, -1.000000000000000000 ) ) ;
#381 = VECTOR ( 'NONE', #2350, 1000.000000000000000 ) ;
#382 = DIRECTION ( 'NONE',  ( -1.000000000000000000, 0.000000000000000000, 0.000000000000000000 ) ) ;
#383 = LINE ( 'NONE', #643, #280 ) ;
#384 = DIRECTION ( 'NONE',  ( 1.000000000000000000, 0.000000000000000000, 0.000000000000000000 ) ) ;
#385 = ORIENTED_EDGE ( 'NONE', *, *, #11, .T. ) ;
#386 = PLANE ( 'NONE',  #1488 ) ;
#387 = EDGE_CURVE ( 'NONE', #2126, #995, #2378, .T. ) ;
#388 = DIRECTION ( 'NONE',  ( 0.000000000000000000, 0.9914448613738108262, 0.1305261922200487701 ) ) ;
#389 = DIRECTION ( 'NONE',  ( 1.000000000000000000, 0.000000000000000000, 0.000000000000000000 ) ) ;
#390 = CARTESIAN_POINT ( 'NONE',  ( 0.000000000000000000, -1.841414930380106174, 4.529999999999999361 ) ) ;
#391 = PLANE ( 'NONE',  #1771 ) ;
#392 = EDGE_LOOP ( 'NONE', ( #552, #269, #534, #1608 ) ) ;
#393 = ORIENTED_EDGE ( 'NONE', *, *, #1991, .T. ) ;
#394 = SURFACE_SIDE_STYLE ('',( #2580 ) ) ;
#395 = DIRECTION ( 'NONE',  ( -1.871330610546717406E-16, 1.000000000000000000, -0.000000000000000000 ) ) ;
#396 = CARTESIAN_POINT ( 'NONE',  ( -5.080000000000001847, 4.634999999999998899, 1.529999999999917204 ) ) ;
#397 = LINE ( 'NONE', #2555, #1345 ) ;
#398 = EDGE_LOOP ( 'NONE', ( #2512, #2722, #1808, #1199 ) ) ;
#399 =( NAMED_UNIT ( * ) SI_UNIT ( $, .STERADIAN. ) SOLID_ANGLE_UNIT ( ) );
#400 = EDGE_CURVE ( 'NONE', #2323, #1822, #1765, .T. ) ;
#401 = ORIENTED_EDGE ( 'NONE', *, *, #2033, .F. ) ;
#402 = FILL_AREA_STYLE ('',( #2149 ) ) ;
#403 = VERTEX_POINT ( 'NONE', #598 ) ;
#404 = DIRECTION ( 'NONE',  ( 1.084202172485504434E-16, -1.000000000000000000, 0.000000000000000000 ) ) ;
#405 = SURFACE_SIDE_STYLE ('',( #577 ) ) ;
#406 = SURFACE_STYLE_FILL_AREA ( #2592 ) ;
#407 = ADVANCED_FACE ( 'NONE', ( #3059 ), #881, .T. ) ;
#408 = DIRECTION ( 'NONE',  ( 0.000000000000000000, -1.000000000000000000, 0.000000000000000000 ) ) ;
#409 = AXIS2_PLACEMENT_3D ( 'NONE', #2327, #425, #3115 ) ;
#410 = CARTESIAN_POINT ( 'NONE',  ( -0.4999999999999998890, -1.841414930380106174, 4.529999999999999361 ) ) ;
#411 = UNCERTAINTY_MEASURE_WITH_UNIT (LENGTH_MEASURE( 1.000000000000000082E-05 ), #1877, 'distance_accuracy_value', 'NONE');
#412 = ORIENTED_EDGE ( 'NONE', *, *, #2290, .T. ) ;
#413 = ORIENTED_EDGE ( 'NONE', *, *, #2850, .T. ) ;
#414 = DIRECTION ( 'NONE',  ( -1.031345705099171767E-16, -1.000000000000000000, 0.000000000000000000 ) ) ;
#415 =( NAMED_UNIT ( * ) SI_UNIT ( $, .STERADIAN. ) SOLID_ANGLE_UNIT ( ) );
#416 = AXIS2_PLACEMENT_3D ( 'NONE', #2502, #3068, #608 ) ;
#417 = UNCERTAINTY_MEASURE_WITH_UNIT (LENGTH_MEASURE( 1.000000000000000082E-05 ), #2844, 'distance_accuracy_value', 'NONE');
#418 = COLOUR_RGB ( '',0.2862745098039215508, 0.2862745098039215508, 0.2862745098039215508 ) ;
#419 = ORIENTED_EDGE ( 'NONE', *, *, #1856, .F. ) ;
#420 = FILL_AREA_STYLE_COLOUR ( '', #655 ) ;
#421 = AXIS2_PLACEMENT_3D ( 'NONE', #1064, #2930, #221 ) ;
#422 =( GEOMETRIC_REPRESENTATION_CONTEXT ( 3 ) GLOBAL_UNCERTAINTY_ASSIGNED_CONTEXT ( ( #232 ) ) GLOBAL_UNIT_ASSIGNED_CONTEXT ( ( #2721, #285, #2239 ) ) REPRESENTATION_CONTEXT ( 'NONE', 'WORKASPACE' ) );
#423 = ORIENTED_EDGE ( 'NONE', *, *, #91, .T. ) ;
#424 = SURFACE_STYLE_FILL_AREA ( #402 ) ;
#425 = DIRECTION ( 'NONE',  ( -1.000000000000000000, 0.000000000000000000, 0.000000000000000000 ) ) ;
#426 = EDGE_CURVE ( 'NONE', #2622, #1409, #2847, .T. ) ;
#427 = COLOUR_RGB ( '',0.2862745098039215508, 0.2862745098039215508, 0.2862745098039215508 ) ;
#428 = CARTESIAN_POINT ( 'NONE',  ( 5.080000000000000071, -4.486283270793930633, 2.530421071166934599 ) ) ;
#429 = EDGE_CURVE ( 'NONE', #949, #1158, #741, .T. ) ;
#430 = MECHANICAL_DESIGN_GEOMETRIC_PRESENTATION_REPRESENTATION (  '', ( #1348 ), #624 ) ;
#431 =( GEOMETRIC_REPRESENTATION_CONTEXT ( 3 ) GLOBAL_UNCERTAINTY_ASSIGNED_CONTEXT ( ( #1707 ) ) GLOBAL_UNIT_ASSIGNED_CONTEXT ( ( #2428, #243, #733 ) ) REPRESENTATION_CONTEXT ( 'NONE', 'WORKASPACE' ) );
#432 =( NAMED_UNIT ( * ) SI_UNIT ( $, .STERADIAN. ) SOLID_ANGLE_UNIT ( ) );
#433 = VECTOR ( 'NONE', #1869, 1000.000000000000000 ) ;
#434 = VERTEX_POINT ( 'NONE', #210 ) ;
#435 = DIRECTION ( 'NONE',  ( 0.000000000000000000, -1.000000000000000000, 0.000000000000000000 ) ) ;
#436 = ORIENTED_EDGE ( 'NONE', *, *, #2001, .F. ) ;
#437 = DIRECTION ( 'NONE',  ( 0.000000000000000000, 0.000000000000000000, -1.000000000000000000 ) ) ;
#438 = LINE ( 'NONE', #2385, #1636 ) ;
#439 = PLANE ( 'NONE',  #1203 ) ;
#440 = DIRECTION ( 'NONE',  ( -0.000000000000000000, 1.000000000000000000, -5.782411586589358822E-15 ) ) ;
#441 = PRESENTATION_STYLE_ASSIGNMENT (( #1584 ) ) ;
#442 = ORIENTED_EDGE ( 'NONE', *, *, #2574, .F. ) ;
#443 = ADVANCED_FACE ( 'NONE', ( #457 ), #1204, .T. ) ;
#444 = ORIENTED_EDGE ( 'NONE', *, *, #14, .T. ) ;
#445 =( NAMED_UNIT ( * ) PLANE_ANGLE_UNIT ( ) SI_UNIT ( $, .RADIAN. ) );
#446 = CARTESIAN_POINT ( 'NONE',  ( 3.810000000000000053, -8.054999999999999716, 0.000000000000000000 ) ) ;
#447 = UNCERTAINTY_MEASURE_WITH_UNIT (LENGTH_MEASURE( 1.000000000000000082E-05 ), #719, 'distance_accuracy_value', 'NONE');
#448 = CARTESIAN_POINT ( 'NONE',  ( -3.810000000000000053, 0.000000000000000000, 2.524999999999994138 ) ) ;
#449 = VERTEX_POINT ( 'NONE', #1912 ) ;
#450 =( NAMED_UNIT ( * ) SI_UNIT ( $, .STERADIAN. ) SOLID_ANGLE_UNIT ( ) );
#451 = PRESENTATION_STYLE_ASSIGNMENT (( #2150 ) ) ;
#452 = CARTESIAN_POINT ( 'NONE',  ( -4.400000000000002132, 4.634999999999998899, 0.000000000000000000 ) ) ;
#453 = ORIENTED_EDGE ( 'NONE', *, *, #387, .F. ) ;
#454 = ORIENTED_EDGE ( 'NONE', *, *, #1285, .T. ) ;
#455 = LINE ( 'NONE', #2413, #984 ) ;
#456 = ORIENTED_EDGE ( 'NONE', *, *, #2326, .F. ) ;
#457 = FACE_OUTER_BOUND ( 'NONE', #120, .T. ) ;
#458 = CIRCLE ( 'NONE', #1586, 1.000000000000000000 ) ;
#459 =( GEOMETRIC_REPRESENTATION_CONTEXT ( 3 ) GLOBAL_UNCERTAINTY_ASSIGNED_CONTEXT ( ( #2920 ) ) GLOBAL_UNIT_ASSIGNED_CONTEXT ( ( #2526, #2566, #2291 ) ) REPRESENTATION_CONTEXT ( 'NONE', 'WORKASPACE' ) );
#460 = ADVANCED_FACE ( 'NONE', ( #1705 ), #2449, .T. ) ;
#461 = CIRCLE ( 'NONE', #2603, 1.000000000000000000 ) ;
#462 = STYLED_ITEM ( 'NONE', ( #2597 ), #1689 ) ;
#463 = VERTEX_POINT ( 'NONE', #2046 ) ;
#464 =( NAMED_UNIT ( * ) SI_UNIT ( $, .STERADIAN. ) SOLID_ANGLE_UNIT ( ) );
#465 = SPHERICAL_SURFACE ( 'NONE', #725, 0.1499999999999999944 ) ;
#466 = ADVANCED_FACE ( 'NONE', ( #1809 ), #1029, .T. ) ;
#467 = AXIS2_PLACEMENT_3D ( 'NONE', #1789, #1832, #2261 ) ;
#468 = ORIENTED_EDGE ( 'NONE', *, *, #2353, .T. ) ;
#469 = LINE ( 'NONE', #1031, #2338 ) ;
#470 = ORIENTED_EDGE ( 'NONE', *, *, #2714, .F. ) ;
#471 = PLANE ( 'NONE',  #2249 ) ;
#472 = CLOSED_SHELL ( 'NONE', ( #610, #3032, #3052, #855, #2311, #3113, #1250, #985, #335, #2492, #2643, #2590, #151, #1988, #1663, #1173, #33, #2921, #1212, #2974, #1257, #2586, #817, #2147, #2464, #1056, #1689, #466, #443, #407, #2417, #1307, #2960, #2021, #352, #1783, #3152, #1945, #460, #3036, #2651, #299, #1561, #911, #3049, #899, #2246, #3090 ) ) ;
#473 = CARTESIAN_POINT ( 'NONE',  ( 4.249999999999998224, 0.000000000000000000, 1.529999999999917204 ) ) ;
#474 =( LENGTH_UNIT ( ) NAMED_UNIT ( * ) SI_UNIT ( .MILLI., .METRE. ) );
#475 = DIRECTION ( 'NONE',  ( 1.000000000000000000, 2.312964634635743213E-14, 0.000000000000000000 ) ) ;
#476 = ORIENTED_EDGE ( 'NONE', *, *, #2036, .F. ) ;
#477 = AXIS2_PLACEMENT_3D ( 'NONE', #553, #1504, #76 ) ;
#478 = CYLINDRICAL_SURFACE ( 'NONE', #1054, 0.5000000000000000000 ) ;
#479 = ORIENTED_EDGE ( 'NONE', *, *, #2036, .T. ) ;
#480 = PRESENTATION_STYLE_ASSIGNMENT (( #1438 ) ) ;
#481 = ORIENTED_EDGE ( 'NONE', *, *, #1363, .T. ) ;
#482 = UNCERTAINTY_MEASURE_WITH_UNIT (LENGTH_MEASURE( 1.000000000000000082E-05 ), #129, 'distance_accuracy_value', 'NONE');
#483 = VECTOR ( 'NONE', #3081, 1000.000000000000000 ) ;
#484 = APPLICATION_CONTEXT ( 'automotive_design' ) ;
#485 = VECTOR ( 'NONE', #2520, 1000.000000000000000 ) ;
#486 = PLANE ( 'NONE',  #2666 ) ;
#487 = EDGE_CURVE ( 'NONE', #2390, #720, #803, .T. ) ;
#488 = DIRECTION ( 'NONE',  ( -0.000000000000000000, 0.9914448613738108262, 0.1305261922200484648 ) ) ;
#489 = MECHANICAL_DESIGN_GEOMETRIC_PRESENTATION_REPRESENTATION (  '', ( #2475 ), #2679 ) ;
#490 = VERTEX_POINT ( 'NONE', #898 ) ;
#491 = EDGE_CURVE ( 'NONE', #995, #2236, #687, .T. ) ;
#492 = CARTESIAN_POINT ( 'NONE',  ( -1.350000000000000089, 0.000000000000000000, 0.000000000000000000 ) ) ;
#493 = FILL_AREA_STYLE_COLOUR ( '', #418 ) ;
#494 = ORIENTED_EDGE ( 'NONE', *, *, #2033, .T. ) ;
#495 = SURFACE_STYLE_USAGE ( .BOTH. , #13 ) ;
#496 = ORIENTED_EDGE ( 'NONE', *, *, #1322, .F. ) ;
#497 = LINE ( 'NONE', #247, #364 ) ;
#498 = ORIENTED_EDGE ( 'NONE', *, *, #2371, .F. ) ;
#499 = DIRECTION ( 'NONE',  ( -1.000000000000000000, 0.000000000000000000, 0.000000000000000000 ) ) ;
#500 = CARTESIAN_POINT ( 'NONE',  ( 1.350000000000000089, -8.054999999999999716, 1.000000000000000000 ) ) ;
#501 = VERTEX_POINT ( 'NONE', #1913 ) ;
#502 = DIRECTION ( 'NONE',  ( 0.000000000000000000, -0.000000000000000000, -1.000000000000000000 ) ) ;
#503 = PLANE ( 'NONE',  #2558 ) ;
#504 = EDGE_CURVE ( 'NONE', #1106, #1475, #397, .T. ) ;
#505 = DIRECTION ( 'NONE',  ( 0.000000000000000000, 0.000000000000000000, -1.000000000000000000 ) ) ;
#506 = DIRECTION ( 'NONE',  ( 1.734723475976807410E-14, 1.000000000000000000, 0.000000000000000000 ) ) ;
#507 = ORIENTED_EDGE ( 'NONE', *, *, #371, .F. ) ;
#508 = EDGE_CURVE ( 'NONE', #2906, #706, #2307, .T. ) ;
#509 = FACE_OUTER_BOUND ( 'NONE', #82, .T. ) ;
#510 = VERTEX_POINT ( 'NONE', #1343 ) ;
#511 = DIRECTION ( 'NONE',  ( -1.000000000000000000, 0.000000000000000000, -0.000000000000000000 ) ) ;
#512 = UNCERTAINTY_MEASURE_WITH_UNIT (LENGTH_MEASURE( 1.000000000000000082E-05 ), #807, 'distance_accuracy_value', 'NONE');
#513 = LINE ( 'NONE', #789, #1339 ) ;
#514 = VECTOR ( 'NONE', #1198, 1000.000000000000000 ) ;
#515 = FACE_OUTER_BOUND ( 'NONE', #806, .T. ) ;
#516 = LINE ( 'NONE', #2467, #3027 ) ;
#517 = AXIS2_PLACEMENT_3D ( 'NONE', #2159, #2377, #2359 ) ;
#518 = ORIENTED_EDGE ( 'NONE', *, *, #2875, .F. ) ;
#519 = ORIENTED_EDGE ( 'NONE', *, *, #242, .T. ) ;
#520 = PLANE ( 'NONE',  #1077 ) ;
#521 = AXIS2_PLACEMENT_3D ( 'NONE', #1444, #2200, #1208 ) ;
#522 = CIRCLE ( 'NONE', #1848, 0.1499999999999999944 ) ;
#523 = TOROIDAL_SURFACE ( 'NONE', #2211, 0.6999999999999999556, 0.1000000000000000056 ) ;
#524 = FILL_AREA_STYLE_COLOUR ( '', #2497 ) ;
#525 = PRODUCT_DEFINITION ( 'UNKNOWN', '', #2014, #1112 ) ;
#526 = LINE ( 'NONE', #2432, #38 ) ;
#527 = MECHANICAL_DESIGN_GEOMETRIC_PRESENTATION_REPRESENTATION (  '', ( #991 ), #1446 ) ;
#528 = ORIENTED_EDGE ( 'NONE', *, *, #1232, .F. ) ;
#529 = EDGE_CURVE ( 'NONE', #983, #1106, #2022, .T. ) ;
#530 =( LENGTH_UNIT ( ) NAMED_UNIT ( * ) SI_UNIT ( .MILLI., .METRE. ) );
#531 = PRESENTATION_LAYER_ASSIGNMENT (  '', '', ( #1090 ) ) ;
#532 = CARTESIAN_POINT ( 'NONE',  ( -0.6999999999999999556, -1.841414930380106174, 4.679999999999998828 ) ) ;
#533 = MECHANICAL_DESIGN_GEOMETRIC_PRESENTATION_REPRESENTATION (  '', ( #84 ), #2117 ) ;
#534 = ORIENTED_EDGE ( 'NONE', *, *, #634, .F. ) ;
#535 = FACE_OUTER_BOUND ( 'NONE', #1524, .T. ) ;
#536 =( GEOMETRIC_REPRESENTATION_CONTEXT ( 3 ) GLOBAL_UNCERTAINTY_ASSIGNED_CONTEXT ( ( #3109 ) ) GLOBAL_UNIT_ASSIGNED_CONTEXT ( ( #127, #323, #2801 ) ) REPRESENTATION_CONTEXT ( 'NONE', 'WORKASPACE' ) );
#537 = VECTOR ( 'NONE', #2541, 1000.000000000000000 ) ;
#538 = DIRECTION ( 'NONE',  ( 1.000000000000000000, 1.871330610546721350E-16, 0.000000000000000000 ) ) ;
#539 = LINE ( 'NONE', #307, #110 ) ;
#540 = SPHERICAL_SURFACE ( 'NONE', #1704, 0.1499999999999999944 ) ;
#541 = DIRECTION ( 'NONE',  ( 0.000000000000000000, 0.000000000000000000, -1.000000000000000000 ) ) ;
#542 = ORIENTED_EDGE ( 'NONE', *, *, #1424, .F. ) ;
#543 = FACE_OUTER_BOUND ( 'NONE', #1956, .T. ) ;
#544 = ADVANCED_FACE ( 'NONE', ( #2886 ), #2616, .T. ) ;
#545 = LINE ( 'NONE', #1772, #1086 ) ;
#546 = SURFACE_STYLE_FILL_AREA ( #2735 ) ;
#547 = EDGE_CURVE ( 'NONE', #2451, #1715, #863, .T. ) ;
#548 = ORIENTED_EDGE ( 'NONE', *, *, #2214, .F. ) ;
#549 = LINE ( 'NONE', #1093, #2398 ) ;
#550 = PLANE ( 'NONE',  #1669 ) ;
#551 = LINE ( 'NONE', #88, #1868 ) ;
#552 = ORIENTED_EDGE ( 'NONE', *, *, #2533, .F. ) ;
#553 = CARTESIAN_POINT ( 'NONE',  ( 3.619825396626934832E-16, -4.240148535376294880, 0.1499999999999999944 ) ) ;
#554 = DIRECTION ( 'NONE',  ( 0.000000000000000000, 0.000000000000000000, 1.000000000000000000 ) ) ;
#555 = CARTESIAN_POINT ( 'NONE',  ( -1.349999999999999645, -8.554999999999999716, 1.000000000000000000 ) ) ;
#556 = EDGE_CURVE ( 'NONE', #2612, #1518, #2379, .T. ) ;
#557 = VECTOR ( 'NONE', #2074, 1000.000000000000000 ) ;
#558 = ORIENTED_EDGE ( 'NONE', *, *, #371, .T. ) ;
#559 =( LENGTH_UNIT ( ) NAMED_UNIT ( * ) SI_UNIT ( .MILLI., .METRE. ) );
#560 = EDGE_CURVE ( 'NONE', #720, #2045, #1298, .T. ) ;
#561 =( LENGTH_UNIT ( ) NAMED_UNIT ( * ) SI_UNIT ( .MILLI., .METRE. ) );
#562 = AXIS2_PLACEMENT_3D ( 'NONE', #2964, #1774, #79 ) ;
#563 = DIRECTION ( 'NONE',  ( 1.000000000000000000, 0.000000000000000000, 0.000000000000000000 ) ) ;
#564 = AXIS2_PLACEMENT_3D ( 'NONE', #2237, #2937, #1994 ) ;
#565 = ORIENTED_EDGE ( 'NONE', *, *, #760, .F. ) ;
#566 = SURFACE_STYLE_USAGE ( .BOTH. , #1059 ) ;
#567 = TOROIDAL_SURFACE ( 'NONE', #421, 0.4999999999999998890, 0.1000000000000000056 ) ;
#568 = CARTESIAN_POINT ( 'NONE',  ( 4.930000000000000604, -4.461641283871556674, 2.717595544678276909 ) ) ;
#569 = CARTESIAN_POINT ( 'NONE',  ( -4.100000000000002309, -2.225000000000002309, 0.000000000000000000 ) ) ;
#570 = PRESENTATION_LAYER_ASSIGNMENT (  '', '', ( #1714 ) ) ;
#571 = VECTOR ( 'NONE', #370, 1000.000000000000000 ) ;
#572 = VERTEX_POINT ( 'NONE', #2145 ) ;
#573 =( NAMED_UNIT ( * ) PLANE_ANGLE_UNIT ( ) SI_UNIT ( $, .RADIAN. ) );
#574 = VECTOR ( 'NONE', #1685, 1000.000000000000000 ) ;
#575 = EDGE_CURVE ( 'NONE', #510, #3107, #664, .T. ) ;
#576 = VECTOR ( 'NONE', #2023, 1000.000000000000000 ) ;
#577 = SURFACE_STYLE_FILL_AREA ( #1788 ) ;
#578 = VECTOR ( 'NONE', #1175, 1000.000000000000000 ) ;
#579 = FILL_AREA_STYLE ('',( #1834 ) ) ;
#580 = EDGE_LOOP ( 'NONE', ( #2577, #3155, #423, #167 ) ) ;
#581 = FILL_AREA_STYLE ('',( #1852 ) ) ;
#582 = FILL_AREA_STYLE ('',( #1530 ) ) ;
#583 = SURFACE_SIDE_STYLE ('',( #1532 ) ) ;
#584 = CARTESIAN_POINT ( 'NONE',  ( -4.250000000000001776, 0.000000000000000000, -0.000000000000000000 ) ) ;
#585 = LINE ( 'NONE', #1328, #25 ) ;
#586 = ORIENTED_EDGE ( 'NONE', *, *, #2070, .T. ) ;
#587 = LINE ( 'NONE', #1572, #2805 ) ;
#588 = LINE ( 'NONE', #1776, #537 ) ;
#589 =( NAMED_UNIT ( * ) PLANE_ANGLE_UNIT ( ) SI_UNIT ( $, .RADIAN. ) );
#590 = ADVANCED_FACE ( 'NONE', ( #934 ), #1622, .F. ) ;
#591 = FACE_OUTER_BOUND ( 'NONE', #856, .T. ) ;
#592 = ORIENTED_EDGE ( 'NONE', *, *, #2998, .T. ) ;
#593 = FACE_OUTER_BOUND ( 'NONE', #2539, .T. ) ;
#594 = FACE_OUTER_BOUND ( 'NONE', #350, .T. ) ;
#595 = ADVANCED_FACE ( 'NONE', ( #3154 ), #2902, .F. ) ;
#596 = DIRECTION ( 'NONE',  ( 0.000000000000000000, -0.9914448613738108262, 0.1305261922200478819 ) ) ;
#597 = DIRECTION ( 'NONE',  ( 1.871330610546717406E-16, -1.000000000000000000, -0.000000000000000000 ) ) ;
#598 = CARTESIAN_POINT ( 'NONE',  ( -3.810000000000000053, -4.634999999999999787, 2.024999999999993694 ) ) ;
#599 = ORIENTED_EDGE ( 'NONE', *, *, #1769, .F. ) ;
#600 = DIRECTION ( 'NONE',  ( -1.000000000000000000, 0.000000000000000000, -0.000000000000000000 ) ) ;
#601 = VECTOR ( 'NONE', #505, 1000.000000000000000 ) ;
#602 = LINE ( 'NONE', #887, #433 ) ;
#603 = LINE ( 'NONE', #2313, #557 ) ;
#604 = FACE_OUTER_BOUND ( 'NONE', #2957, .T. ) ;
#605 = AXIS2_PLACEMENT_3D ( 'NONE', #1053, #2513, #3035 ) ;
#606 = VECTOR ( 'NONE', #1464, 1000.000000000000000 ) ;
#607 = EDGE_LOOP ( 'NONE', ( #1317, #519, #1699, #548 ) ) ;
#608 = DIRECTION ( 'NONE',  ( 0.000000000000000000, 0.000000000000000000, -1.000000000000000000 ) ) ;
#609 = VECTOR ( 'NONE', #1070, 1000.000000000000000 ) ;
#610 = ADVANCED_FACE ( 'NONE', ( #1804 ), #2116, .F. ) ;
#611 =( LENGTH_UNIT ( ) NAMED_UNIT ( * ) SI_UNIT ( .MILLI., .METRE. ) );
#612 = CYLINDRICAL_SURFACE ( 'NONE', #2601, 0.1499999999999999667 ) ;
#613 = DIRECTION ( 'NONE',  ( -1.000000000000000000, 0.000000000000000000, 0.000000000000000000 ) ) ;
#614 =( NAMED_UNIT ( * ) SI_UNIT ( $, .STERADIAN. ) SOLID_ANGLE_UNIT ( ) );
#615 = DIRECTION ( 'NONE',  ( -0.000000000000000000, -0.000000000000000000, 1.000000000000000000 ) ) ;
#616 = ORIENTED_EDGE ( 'NONE', *, *, #175, .T. ) ;
#617 = AXIS2_PLACEMENT_3D ( 'NONE', #1619, #2859, #2582 ) ;
#618 =( NAMED_UNIT ( * ) PLANE_ANGLE_UNIT ( ) SI_UNIT ( $, .RADIAN. ) );
#619 = CARTESIAN_POINT ( 'NONE',  ( 3.810000000000000053, -6.554999999999999716, 0.5000000000000000000 ) ) ;
#620 = DIRECTION ( 'NONE',  ( -1.000000000000000000, -0.000000000000000000, -0.000000000000000000 ) ) ;
#621 = DIRECTION ( 'NONE',  ( 0.000000000000000000, 0.000000000000000000, -1.000000000000000000 ) ) ;
#622 = AXIS2_PLACEMENT_3D ( 'NONE', #1105, #3060, #1861 ) ;
#623 =( LENGTH_UNIT ( ) NAMED_UNIT ( * ) SI_UNIT ( .MILLI., .METRE. ) );
#624 =( GEOMETRIC_REPRESENTATION_CONTEXT ( 3 ) GLOBAL_UNCERTAINTY_ASSIGNED_CONTEXT ( ( #1675 ) ) GLOBAL_UNIT_ASSIGNED_CONTEXT ( ( #1811, #328, #3045 ) ) REPRESENTATION_CONTEXT ( 'NONE', 'WORKASPACE' ) );
#625 = ORIENTED_EDGE ( 'NONE', *, *, #2397, .T. ) ;
#626 = DIRECTION ( 'NONE',  ( -1.000000000000000000, -0.000000000000000000, 0.000000000000000000 ) ) ;
#627 = ORIENTED_EDGE ( 'NONE', *, *, #1465, .T. ) ;
#628 = AXIS2_PLACEMENT_3D ( 'NONE', #1245, #9, #2219 ) ;
#629 = DIRECTION ( 'NONE',  ( 0.000000000000000000, 1.000000000000000000, -0.000000000000000000 ) ) ;
#630 = CARTESIAN_POINT ( 'NONE',  ( -4.930000000000001492, -9.225659909995319815E-16, 0.000000000000000000 ) ) ;
#631 = UNCERTAINTY_MEASURE_WITH_UNIT (LENGTH_MEASURE( 1.000000000000000082E-05 ), #3096, 'distance_accuracy_value', 'NONE');
#632 = CARTESIAN_POINT ( 'NONE',  ( -1.350000000000000089, -7.705000000000000071, 0.000000000000000000 ) ) ;
#633 = SURFACE_STYLE_USAGE ( .BOTH. , #1135 ) ;
#634 = EDGE_CURVE ( 'NONE', #1511, #2167, #1656, .T. ) ;
#635 = PRESENTATION_STYLE_ASSIGNMENT (( #900 ) ) ;
#636 = ORIENTED_EDGE ( 'NONE', *, *, #1424, .T. ) ;
#637 = DIRECTION ( 'NONE',  ( -0.000000000000000000, -0.000000000000000000, 1.000000000000000000 ) ) ;
#638 =( NAMED_UNIT ( * ) SI_UNIT ( $, .STERADIAN. ) SOLID_ANGLE_UNIT ( ) );
#639 =( NAMED_UNIT ( * ) PLANE_ANGLE_UNIT ( ) SI_UNIT ( $, .RADIAN. ) );
#640 = LINE ( 'NONE', #1384, #271 ) ;
#641 = ORIENTED_EDGE ( 'NONE', *, *, #3132, .F. ) ;
#642 = FILL_AREA_STYLE_COLOUR ( '', #1380 ) ;
#643 = CARTESIAN_POINT ( 'NONE',  ( 3.810000000000000053, -7.705000000000000071, 2.024999999999993694 ) ) ;
#644 = SURFACE_SIDE_STYLE ('',( #1875 ) ) ;
#645 = ADVANCED_FACE ( 'NONE', ( #515 ), #708, .T. ) ;
#646 = DIRECTION ( 'NONE',  ( 1.000000000000000000, 8.537024980200821325E-17, 0.000000000000000000 ) ) ;
#647 = CARTESIAN_POINT ( 'NONE',  ( 0.000000000000000000, 6.034999999999998366, 1.529999999999917204 ) ) ;
#648 = EDGE_LOOP ( 'NONE', ( #1671, #2611, #436 ) ) ;
#649 = EDGE_CURVE ( 'NONE', #1027, #2126, #234, .T. ) ;
#650 = FILL_AREA_STYLE ('',( #2855 ) ) ;
#651 = CARTESIAN_POINT ( 'NONE',  ( -5.080000000000000071, -4.192698201174037465, 4.760421071166992313 ) ) ;
#652 = VECTOR ( 'NONE', #1696, 1000.000000000000000 ) ;
#653 = LINE ( 'NONE', #428, #514 ) ;
#654 = VERTEX_POINT ( 'NONE', #1017 ) ;
#655 = COLOUR_RGB ( '',0.2862745098039215508, 0.2862745098039215508, 0.2862745098039215508 ) ;
#656 =( NAMED_UNIT ( * ) SI_UNIT ( $, .STERADIAN. ) SOLID_ANGLE_UNIT ( ) );
#657 = ORIENTED_EDGE ( 'NONE', *, *, #1465, .F. ) ;
#658 =( NAMED_UNIT ( * ) SI_UNIT ( $, .STERADIAN. ) SOLID_ANGLE_UNIT ( ) );
#659 = LINE ( 'NONE', #144, #227 ) ;
#660 = EDGE_LOOP ( 'NONE', ( #2231, #1692, #1538, #2952 ) ) ;
#661 =( GEOMETRIC_REPRESENTATION_CONTEXT ( 3 ) GLOBAL_UNCERTAINTY_ASSIGNED_CONTEXT ( ( #1996 ) ) GLOBAL_UNIT_ASSIGNED_CONTEXT ( ( #2765, #1827, #614 ) ) REPRESENTATION_CONTEXT ( 'NONE', 'WORKASPACE' ) );
#662 = FACE_OUTER_BOUND ( 'NONE', #684, .T. ) ;
#663 = UNCERTAINTY_MEASURE_WITH_UNIT (LENGTH_MEASURE( 1.000000000000000082E-05 ), #2955, 'distance_accuracy_value', 'NONE');
#664 = LINE ( 'NONE', #632, #1047 ) ;
#665 = AXIS2_PLACEMENT_3D ( 'NONE', #847, #2093, #2795 ) ;
#666 = LINE ( 'NONE', #1652, #2724 ) ;
#667 = DIRECTION ( 'NONE',  ( 1.000000000000000000, -5.782411586589358033E-15, 0.000000000000000000 ) ) ;
#668 = AXIS2_PLACEMENT_3D ( 'NONE', #390, #920, #3101 ) ;
#669 = EDGE_CURVE ( 'NONE', #1529, #1233, #1048, .T. ) ;
#670 = ORIENTED_EDGE ( 'NONE', *, *, #2511, .F. ) ;
#671 = DIRECTION ( 'NONE',  ( 0.000000000000000000, -0.000000000000000000, -1.000000000000000000 ) ) ;
#672 = DIRECTION ( 'NONE',  ( 0.000000000000000000, -1.000000000000000000, 0.000000000000000000 ) ) ;
#673 = ORIENTED_EDGE ( 'NONE', *, *, #2769, .T. ) ;
#674 = COLOUR_RGB ( '',0.2862745098039215508, 0.2862745098039215508, 0.2862745098039215508 ) ;
#675 = EDGE_CURVE ( 'NONE', #3041, #2383, #2198, .T. ) ;
#676 = FACE_OUTER_BOUND ( 'NONE', #1993, .T. ) ;
#677 = VECTOR ( 'NONE', #1895, 1000.000000000000000 ) ;
#678 = DIRECTION ( 'NONE',  ( -1.000000000000000000, 0.000000000000000000, 0.000000000000000000 ) ) ;
#679 = FACE_OUTER_BOUND ( 'NONE', #1036, .T. ) ;
#680 = ORIENTED_EDGE ( 'NONE', *, *, #2397, .F. ) ;
#681 =( GEOMETRIC_REPRESENTATION_CONTEXT ( 3 ) GLOBAL_UNCERTAINTY_ASSIGNED_CONTEXT ( ( #1442 ) ) GLOBAL_UNIT_ASSIGNED_CONTEXT ( ( #611, #2317, #1200 ) ) REPRESENTATION_CONTEXT ( 'NONE', 'WORKASPACE' ) );
#682 = CARTESIAN_POINT ( 'NONE',  ( 4.930000000000000604, -4.240148535376293992, 0.1499999999999999944 ) ) ;
#683 = LINE ( 'NONE', #446, #2356 ) ;
#684 = EDGE_LOOP ( 'NONE', ( #1422, #2768, #281, #2439 ) ) ;
#685 = VECTOR ( 'NONE', #784, 1000.000000000000000 ) ;
#686 = PRESENTATION_STYLE_ASSIGNMENT (( #2212 ) ) ;
#687 = LINE ( 'NONE', #147, #571 ) ;
#688 =( LENGTH_UNIT ( ) NAMED_UNIT ( * ) SI_UNIT ( .MILLI., .METRE. ) );
#689 = MECHANICAL_DESIGN_GEOMETRIC_PRESENTATION_REPRESENTATION (  '', ( #841 ), #1261 ) ;
#690 = LINE ( 'NONE', #2867, #2817 ) ;
#691 = CARTESIAN_POINT ( 'NONE',  ( -0.000000000000000000, -6.635000000000000675, 2.524999999999994138 ) ) ;
#692 = DIRECTION ( 'NONE',  ( -1.807003620809174632E-16, 1.044883867397589674E-30, 1.000000000000000000 ) ) ;
#693 = ORIENTED_EDGE ( 'NONE', *, *, #2968, .F. ) ;
#694 = SURFACE_STYLE_FILL_AREA ( #1176 ) ;
#695 = LINE ( 'NONE', #1429, #1864 ) ;
#696 = CARTESIAN_POINT ( 'NONE',  ( -4.100000000000002309, -2.375000000000002220, 0.000000000000000000 ) ) ;
#697 = DIRECTION ( 'NONE',  ( 0.000000000000000000, 0.000000000000000000, -1.000000000000000000 ) ) ;
#698 = LINE ( 'NONE', #2408, #1284 ) ;
#699 = EDGE_CURVE ( 'NONE', #2217, #3098, #2923, .T. ) ;
#700 = ORIENTED_EDGE ( 'NONE', *, *, #1006, .T. ) ;
#701 = CARTESIAN_POINT ( 'NONE',  ( 1.350000000000000089, 0.000000000000000000, 0.000000000000000000 ) ) ;
#702 = ORIENTED_EDGE ( 'NONE', *, *, #136, .T. ) ;
#703 = DIRECTION ( 'NONE',  ( 0.000000000000000000, 0.000000000000000000, -1.000000000000000000 ) ) ;
#704 = FILL_AREA_STYLE ('',( #1028 ) ) ;
#705 = EDGE_CURVE ( 'NONE', #791, #2777, #953, .T. ) ;
#706 = VERTEX_POINT ( 'NONE', #1967 ) ;
#707 = CARTESIAN_POINT ( 'NONE',  ( 3.720935064653515896E-16, -4.358585190137264753, 4.649578928833006941 ) ) ;
#708 = PLANE ( 'NONE',  #286 ) ;
#709 =( LENGTH_UNIT ( ) NAMED_UNIT ( * ) SI_UNIT ( .MILLI., .METRE. ) );
#710 = MANIFOLD_SOLID_BREP ( 'Fillet4', #472 ) ;
#711 = ORIENTED_EDGE ( 'NONE', *, *, #1225, .F. ) ;
#712 = DIRECTION ( 'NONE',  ( 1.084202172485504434E-16, -1.000000000000000000, 0.000000000000000000 ) ) ;
#713 = CARTESIAN_POINT ( 'NONE',  ( 3.810000000000000053, -4.634999999999999787, 0.000000000000000000 ) ) ;
#714 = CARTESIAN_POINT ( 'NONE',  ( -4.250000000000001776, 0.000000000000000000, 1.529999999999917204 ) ) ;
#715 = CARTESIAN_POINT ( 'NONE',  ( -5.080000000000000071, -4.240148535376293992, 0.1499999999999999667 ) ) ;
#716 = ORIENTED_EDGE ( 'NONE', *, *, #2633, .T. ) ;
#717 = EDGE_CURVE ( 'NONE', #1918, #2521, #1629, .T. ) ;
#718 = AXIS2_PLACEMENT_3D ( 'NONE', #2401, #2608, #621 ) ;
#719 =( LENGTH_UNIT ( ) NAMED_UNIT ( * ) SI_UNIT ( .MILLI., .METRE. ) );
#720 = VERTEX_POINT ( 'NONE', #2123 ) ;
#721 =( NAMED_UNIT ( * ) PLANE_ANGLE_UNIT ( ) SI_UNIT ( $, .RADIAN. ) );
#722 = APPLICATION_PROTOCOL_DEFINITION ( 'draft international standard', 'automotive_design', 1998, #484 ) ;
#723 = VECTOR ( 'NONE', #1816, 1000.000000000000000 ) ;
#724 = EDGE_CURVE ( 'NONE', #1979, #2841, #904, .T. ) ;
#725 = AXIS2_PLACEMENT_3D ( 'NONE', #2673, #692, #1238 ) ;
#726 = VECTOR ( 'NONE', #1980, 1000.000000000000000 ) ;
#727 = CARTESIAN_POINT ( 'NONE',  ( -5.080000000000000071, -4.485000000000001208, 1.520000000000000018 ) ) ;
#728 = CARTESIAN_POINT ( 'NONE',  ( 0.000000000000000000, 4.207129382840961718, 4.779999999999999361 ) ) ;
#729 = AXIS2_PLACEMENT_3D ( 'NONE', #3005, #2516, #1777 ) ;
#730 = ORIENTED_EDGE ( 'NONE', *, *, #340, .F. ) ;
#731 = CARTESIAN_POINT ( 'NONE',  ( 5.079999999999998295, 4.484999999999998543, 0.1499999999999999667 ) ) ;
#732 =( LENGTH_UNIT ( ) NAMED_UNIT ( * ) SI_UNIT ( .MILLI., .METRE. ) );
#733 =( NAMED_UNIT ( * ) SI_UNIT ( $, .STERADIAN. ) SOLID_ANGLE_UNIT ( ) );
#734 = MANIFOLD_SOLID_BREP ( 'Boss-Extrude3', #1762 ) ;
#735 = ORIENTED_EDGE ( 'NONE', *, *, #2208, .T. ) ;
#736 = AXIS2_PLACEMENT_3D ( 'NONE', #2701, #1219, #1493 ) ;
#737 = FILL_AREA_STYLE_COLOUR ( '', #1003 ) ;
#738 = EDGE_LOOP ( 'NONE', ( #1624, #2871 ) ) ;
#739 =( NAMED_UNIT ( * ) PLANE_ANGLE_UNIT ( ) SI_UNIT ( $, .RADIAN. ) );
#740 = VERTEX_POINT ( 'NONE', #3134 ) ;
#741 = LINE ( 'NONE', #1166, #283 ) ;
#742 = UNCERTAINTY_MEASURE_WITH_UNIT (LENGTH_MEASURE( 1.000000000000000082E-05 ), #2387, 'distance_accuracy_value', 'NONE');
#743 = CIRCLE ( 'NONE', #2220, 0.1499999999999999667 ) ;
#744 = VECTOR ( 'NONE', #921, 1000.000000000000000 ) ;
#745 = CARTESIAN_POINT ( 'NONE',  ( 3.810000000000000053, 0.000000000000000000, 2.024999999999993694 ) ) ;
#746 = EDGE_CURVE ( 'NONE', #39, #1579, #695, .T. ) ;
#747 = EDGE_LOOP ( 'NONE', ( #1835, #988, #1406, #700, #1144, #148, #3130 ) ) ;
#748 = DIRECTION ( 'NONE',  ( 1.000000000000000000, 0.000000000000000000, -0.000000000000000000 ) ) ;
#749 = EDGE_CURVE ( 'NONE', #3050, #1158, #1655, .T. ) ;
#750 = PLANE ( 'NONE',  #628 ) ;
#751 = FILL_AREA_STYLE ('',( #493 ) ) ;
#752 = ORIENTED_EDGE ( 'NONE', *, *, #1506, .F. ) ;
#753 = PRESENTATION_STYLE_ASSIGNMENT (( #495 ) ) ;
#754 = ORIENTED_EDGE ( 'NONE', *, *, #836, .F. ) ;
#755 = DIRECTION ( 'NONE',  ( 1.084202172485504434E-16, -1.000000000000000000, 0.000000000000000000 ) ) ;
#756 = DIRECTION ( 'NONE',  ( -0.000000000000000000, -0.000000000000000000, 1.000000000000000000 ) ) ;
#757 = DIRECTION ( 'NONE',  ( -1.000000000000000000, -0.000000000000000000, -0.000000000000000000 ) ) ;
#758 = EDGE_LOOP ( 'NONE', ( #670, #48, #314, #2848 ) ) ;
#759 =( NAMED_UNIT ( * ) SI_UNIT ( $, .STERADIAN. ) SOLID_ANGLE_UNIT ( ) );
#760 = EDGE_CURVE ( 'NONE', #794, #253, #2325, .T. ) ;
#761 = ORIENTED_EDGE ( 'NONE', *, *, #1923, .T. ) ;
#762 = VERTEX_POINT ( 'NONE', #2620 ) ;
#763 = CARTESIAN_POINT ( 'NONE',  ( 0.000000000000000000, -6.635000000000000675, -0.001000000000000132727 ) ) ;
#764 = EDGE_CURVE ( 'NONE', #2906, #2201, #2118, .T. ) ;
#765 = CARTESIAN_POINT ( 'NONE',  ( 4.249999999999998224, -2.375000000000002220, 1.529999999999917204 ) ) ;
#766 = FILL_AREA_STYLE ('',( #737 ) ) ;
#767 = VERTEX_POINT ( 'NONE', #150 ) ;
#768 = UNCERTAINTY_MEASURE_WITH_UNIT (LENGTH_MEASURE( 1.000000000000000082E-05 ), #623, 'distance_accuracy_value', 'NONE');
#769 = CARTESIAN_POINT ( 'NONE',  ( 1.350000000000000089, -8.554999999999999716, 1.524999999999993916 ) ) ;
#770 = ORIENTED_EDGE ( 'NONE', *, *, #717, .F. ) ;
#771 = DIRECTION ( 'NONE',  ( 0.000000000000000000, -0.9914448613738108262, -0.1305261922200478819 ) ) ;
#772 = CIRCLE ( 'NONE', #212, 0.1499999999999999667 ) ;
#773 = MECHANICAL_DESIGN_GEOMETRIC_PRESENTATION_REPRESENTATION (  '', ( #268 ), #459 ) ;
#774 = ORIENTED_EDGE ( 'NONE', *, *, #781, .T. ) ;
#775 = ORIENTED_EDGE ( 'NONE', *, *, #724, .F. ) ;
#776 = DIRECTION ( 'NONE',  ( 0.000000000000000000, 0.000000000000000000, 1.000000000000000000 ) ) ;
#777 = STYLED_ITEM ( 'NONE', ( #1279 ), #2921 ) ;
#778 = PRESENTATION_LAYER_ASSIGNMENT (  '', '', ( #1185 ) ) ;
#779 = CARTESIAN_POINT ( 'NONE',  ( 3.810000000000000053, -4.634999999999999787, 2.524999999999994138 ) ) ;
#780 = CARTESIAN_POINT ( 'NONE',  ( 4.249999999999998224, 0.000000000000000000, 1.529999999999917204 ) ) ;
#781 = EDGE_CURVE ( 'NONE', #1597, #794, #3097, .T. ) ;
#782 = FILL_AREA_STYLE ('',( #2973 ) ) ;
#783 = CIRCLE ( 'NONE', #166, 0.1499999999999998834 ) ;
#784 = DIRECTION ( 'NONE',  ( -0.000000000000000000, -0.000000000000000000, 1.000000000000000000 ) ) ;
#785 = ORIENTED_EDGE ( 'NONE', *, *, #916, .F. ) ;
#786 = FACE_OUTER_BOUND ( 'NONE', #2412, .T. ) ;
#787 =( NAMED_UNIT ( * ) SI_UNIT ( $, .STERADIAN. ) SOLID_ANGLE_UNIT ( ) );
#788 = PRESENTATION_STYLE_ASSIGNMENT (( #1935 ) ) ;
#789 = CARTESIAN_POINT ( 'NONE',  ( 0.000000000000000000, -6.635000000000000675, 2.024999999999993694 ) ) ;
#790 = MECHANICAL_DESIGN_GEOMETRIC_PRESENTATION_REPRESENTATION (  '', ( #1810 ), #332 ) ;
#791 = VERTEX_POINT ( 'NONE', #886 ) ;
#792 = FILL_AREA_STYLE_COLOUR ( '', #319 ) ;
#793 = VECTOR ( 'NONE', #917, 1000.000000000000000 ) ;
#794 = VERTEX_POINT ( 'NONE', #901 ) ;
#795 =( NAMED_UNIT ( * ) PLANE_ANGLE_UNIT ( ) SI_UNIT ( $, .RADIAN. ) );
#796 = MECHANICAL_DESIGN_GEOMETRIC_PRESENTATION_REPRESENTATION (  '', ( #2173 ), #1142 ) ;
#797 =( GEOMETRIC_REPRESENTATION_CONTEXT ( 3 ) GLOBAL_UNCERTAINTY_ASSIGNED_CONTEXT ( ( #2143 ) ) GLOBAL_UNIT_ASSIGNED_CONTEXT ( ( #561, #2530, #2285 ) ) REPRESENTATION_CONTEXT ( 'NONE', 'WORKASPACE' ) );
#798 = CARTESIAN_POINT ( 'NONE',  ( -0.5999999999999999778, -1.841414930380106174, 4.629999999999999893 ) ) ;
#799 = CARTESIAN_POINT ( 'NONE',  ( -0.4999999999999996669, -6.635000000000000675, 2.524999999999994138 ) ) ;
#800 = ADVANCED_FACE ( 'NONE', ( #1867 ), #1157, .F. ) ;
#801 = ORIENTED_EDGE ( 'NONE', *, *, #237, .T. ) ;
#802 = PRESENTATION_STYLE_ASSIGNMENT (( #1275 ) ) ;
#803 = LINE ( 'NONE', #1782, #2065 ) ;
#804 = ADVANCED_FACE ( 'NONE', ( #2382 ), #198, .F. ) ;
#805 = CARTESIAN_POINT ( 'NONE',  ( -0.4999999999999995559, -4.634999999999999787, 2.024999999999993694 ) ) ;
#806 = EDGE_LOOP ( 'NONE', ( #3125, #2903, #2216, #735, #1264, #2133, #192, #2437, #2803, #954, #1483, #2250 ) ) ;
#807 =( LENGTH_UNIT ( ) NAMED_UNIT ( * ) SI_UNIT ( .MILLI., .METRE. ) );
#808 = FACE_OUTER_BOUND ( 'NONE', #1616, .T. ) ;
#809 = SURFACE_STYLE_FILL_AREA ( #782 ) ;
#810 = DIRECTION ( 'NONE',  ( 0.000000000000000000, -1.000000000000000000, 0.000000000000000000 ) ) ;
#811 = ORIENTED_EDGE ( 'NONE', *, *, #2707, .F. ) ;
#812 = SURFACE_STYLE_FILL_AREA ( #2536 ) ;
#813 = DIRECTION ( 'NONE',  ( -5.782411586589358822E-15, 1.000000000000000000, 0.000000000000000000 ) ) ;
#814 = ADVANCED_FACE ( 'NONE', ( #1824 ), #1357, .F. ) ;
#815 = DIRECTION ( 'NONE',  ( -1.000000000000000000, 0.000000000000000000, 0.000000000000000000 ) ) ;
#816 = DIRECTION ( 'NONE',  ( -0.000000000000000000, 1.000000000000000000, 0.000000000000000000 ) ) ;
#817 = ADVANCED_FACE ( 'NONE', ( #1102 ), #1793, .T. ) ;
#818 = VECTOR ( 'NONE', #672, 1000.000000000000000 ) ;
#819 = ORIENTED_EDGE ( 'NONE', *, *, #242, .F. ) ;
#820 =( LENGTH_UNIT ( ) NAMED_UNIT ( * ) SI_UNIT ( .MILLI., .METRE. ) );
#821 = AXIS2_PLACEMENT_3D ( 'NONE', #1171, #646, #2324 ) ;
#822 = COLOUR_RGB ( '',0.2862745098039215508, 0.2862745098039215508, 0.2862745098039215508 ) ;
#823 = PLANE ( 'NONE',  #1030 ) ;
#824 = PRESENTATION_LAYER_ASSIGNMENT (  '', '', ( #2931 ) ) ;
#825 = FILL_AREA_STYLE_COLOUR ( '', #2298 ) ;
#826 = STYLED_ITEM ( 'NONE', ( #2276 ), #3036 ) ;
#827 = LINE ( 'NONE', #2534, #3147 ) ;
#828 = ORIENTED_EDGE ( 'NONE', *, *, #575, .F. ) ;
#829 = MECHANICAL_DESIGN_GEOMETRIC_PRESENTATION_REPRESENTATION (  '', ( #2106 ), #1286 ) ;
#830 = VECTOR ( 'NONE', #1206, 1000.000000000000000 ) ;
#831 = DIRECTION ( 'NONE',  ( 0.000000000000000000, -0.000000000000000000, 1.000000000000000000 ) ) ;
#832 = AXIS2_PLACEMENT_3D ( 'NONE', #2861, #860, #2554 ) ;
#833 = CARTESIAN_POINT ( 'NONE',  ( 5.080000000000000071, -4.341414930380106618, 4.629999999999999893 ) ) ;
#834 = VECTOR ( 'NONE', #2636, 1000.000000000000000 ) ;
#835 = ORIENTED_EDGE ( 'NONE', *, *, #2187, .T. ) ;
#836 = EDGE_CURVE ( 'NONE', #2201, #1907, #1552, .T. ) ;
#837 = CARTESIAN_POINT ( 'NONE',  ( 2.309999999999999609, 0.000000000000000000, -0.001000000000000132727 ) ) ;
#838 = VECTOR ( 'NONE', #629, 1000.000000000000000 ) ;
#839 = PRESENTATION_STYLE_ASSIGNMENT (( #1542 ) ) ;
#840 = EDGE_CURVE ( 'NONE', #572, #1066, #743, .T. ) ;
#841 = STYLED_ITEM ( 'NONE', ( #839 ), #1250 ) ;
#842 = FILL_AREA_STYLE ('',( #3038 ) ) ;
#843 = CIRCLE ( 'NONE', #2624, 0.5999999999999999778 ) ;
#844 = ORIENTED_EDGE ( 'NONE', *, *, #1939, .T. ) ;
#845 = DIRECTION ( 'NONE',  ( 0.000000000000000000, -1.000000000000000000, 0.000000000000000000 ) ) ;
#846 = CARTESIAN_POINT ( 'NONE',  ( -3.810000000000000053, -7.705000000000000071, 0.000000000000000000 ) ) ;
#847 = CARTESIAN_POINT ( 'NONE',  ( -0.4999999999999998890, -1.841414930380106174, 4.629999999999999893 ) ) ;
#848 = LINE ( 'NONE', #2094, #2980 ) ;
#849 = EDGE_LOOP ( 'NONE', ( #1571, #1100, #1735, #774 ) ) ;
#850 = CYLINDRICAL_SURFACE ( 'NONE', #821, 0.1499999999999999667 ) ;
#851 = EDGE_CURVE ( 'NONE', #2946, #2565, #2524, .T. ) ;
#852 = DIRECTION ( 'NONE',  ( -0.000000000000000000, -0.000000000000000000, 1.000000000000000000 ) ) ;
#853 = CARTESIAN_POINT ( 'NONE',  ( 5.080000000000000071, 6.034999999999998366, 1.529999999999917204 ) ) ;
#854 = DIRECTION ( 'NONE',  ( -1.000000000000000000, 0.000000000000000000, 0.000000000000000000 ) ) ;
#855 = ADVANCED_FACE ( 'NONE', ( #1294 ), #858, .F. ) ;
#856 = EDGE_LOOP ( 'NONE', ( #2111, #468, #2035 ) ) ;
#857 = DIRECTION ( 'NONE',  ( 1.000000000000000000, 0.000000000000000000, -0.000000000000000000 ) ) ;
#858 = PLANE ( 'NONE',  #3145 ) ;
#859 = SURFACE_STYLE_FILL_AREA ( #2318 ) ;
#860 = DIRECTION ( 'NONE',  ( 0.000000000000000000, 0.000000000000000000, -1.000000000000000000 ) ) ;
#861 = ORIENTED_EDGE ( 'NONE', *, *, #529, .T. ) ;
#862 = DIRECTION ( 'NONE',  ( -0.000000000000000000, -0.000000000000000000, -1.000000000000000000 ) ) ;
#863 =( BOUNDED_CURVE ( )  B_SPLINE_CURVE ( 3, ( #912, #2831, #1605, #2570 ),
 .UNSPECIFIED., .F., .T. ) 
 B_SPLINE_CURVE_WITH_KNOTS ( ( 4, 4 ),
 ( 1.570796326794896780, 3.141592653589787787 ),
 .UNSPECIFIED. ) 
 CURVE ( )  GEOMETRIC_REPRESENTATION_ITEM ( )  RATIONAL_B_SPLINE_CURVE ( ( 1.000000000000000000, 0.8047378541243662697, 0.8047378541243662697, 1.000000000000000000 ) ) 
 REPRESENTATION_ITEM ( '' )  );
#864 = AXIS2_PLACEMENT_3D ( 'NONE', #492, #1271, #2003 ) ;
#865 = CYLINDRICAL_SURFACE ( 'NONE', #1982, 0.1499999999999998834 ) ;
#866 = CARTESIAN_POINT ( 'NONE',  ( -3.810000000000000053, -7.705000000000000071, 2.024999999999993694 ) ) ;
#867 = PRESENTATION_STYLE_ASSIGNMENT (( #1575 ) ) ;
#868 = STYLED_ITEM ( 'NONE', ( #2872 ), #2417 ) ;
#869 = VECTOR ( 'NONE', #1088, 1000.000000000000000 ) ;
#870 = COLOUR_RGB ( '',0.2862745098039215508, 0.2862745098039215508, 0.2862745098039215508 ) ;
#871 = AXIS2_PLACEMENT_3D ( 'NONE', #2210, #311, #511 ) ;
#872 = CARTESIAN_POINT ( 'NONE',  ( 4.399999999999998579, 4.634999999999998899, 0.000000000000000000 ) ) ;
#873 = ORIENTED_EDGE ( 'NONE', *, *, #1637, .T. ) ;
#874 = EDGE_CURVE ( 'NONE', #767, #226, #191, .T. ) ;
#875 = VERTEX_POINT ( 'NONE', #3119 ) ;
#876 = CIRCLE ( 'NONE', #1802, 0.1499999999999998834 ) ;
#877 = CIRCLE ( 'NONE', #1280, 0.5999999999999999778 ) ;
#878 = DIRECTION ( 'NONE',  ( 0.000000000000000000, -0.000000000000000000, -1.000000000000000000 ) ) ;
#879 = AXIS2_PLACEMENT_3D ( 'NONE', #913, #1168, #2436 ) ;
#880 = ADVANCED_FACE ( 'NONE', ( #1147 ), #1163, .F. ) ;
#881 = CYLINDRICAL_SURFACE ( 'NONE', #2062, 0.1499999999999999667 ) ;
#882 = DIRECTION ( 'NONE',  ( -0.000000000000000000, -0.1305261922200501024, -0.9914448613738106042 ) ) ;
#883 = DIRECTION ( 'NONE',  ( 2.442576589794816419E-17, -0.1305261922200485480, -0.9914448613738108262 ) ) ;
#884 = DIRECTION ( 'NONE',  ( 1.871330610546718145E-16, -1.000000000000000000, -0.000000000000000000 ) ) ;
#885 = FILL_AREA_STYLE_COLOUR ( '', #2878 ) ;
#886 = CARTESIAN_POINT ( 'NONE',  ( 2.309999999999999609, -6.635000000000000675, 2.024999999999993694 ) ) ;
#887 = CARTESIAN_POINT ( 'NONE',  ( 1.350000000000000089, -8.054999999999999716, 0.5000000000000000000 ) ) ;
#888 =( NAMED_UNIT ( * ) PLANE_ANGLE_UNIT ( ) SI_UNIT ( $, .RADIAN. ) );
#889 = FILL_AREA_STYLE_COLOUR ( '', #164 ) ;
#890 = DIRECTION ( 'NONE',  ( 0.000000000000000000, 1.000000000000000000, -0.000000000000000000 ) ) ;
#891 = UNCERTAINTY_MEASURE_WITH_UNIT (LENGTH_MEASURE( 1.000000000000000082E-05 ), #688, 'distance_accuracy_value', 'NONE');
#892 = ORIENTED_EDGE ( 'NONE', *, *, #1325, .T. ) ;
#893 = EDGE_CURVE ( 'NONE', #1420, #361, #1874, .T. ) ;
#894 = CARTESIAN_POINT ( 'NONE',  ( 5.079999999999998295, 4.634999999999998899, 1.529999999999917204 ) ) ;
#895 = CARTESIAN_POINT ( 'NONE',  ( 1.350000000000000089, -6.554999999999999716, 0.000000000000000000 ) ) ;
#896 = CARTESIAN_POINT ( 'NONE',  ( 1.350000000000000089, -7.705000000000000071, 2.024999999999993694 ) ) ;
#897 = UNCERTAINTY_MEASURE_WITH_UNIT (LENGTH_MEASURE( 1.000000000000000082E-05 ), #298, 'distance_accuracy_value', 'NONE');
#898 = CARTESIAN_POINT ( 'NONE',  ( 1.350000000000000089, -9.054999999999999716, 1.000000000000000000 ) ) ;
#899 = ADVANCED_FACE ( 'NONE', ( #1436 ), #1670, .F. ) ;
#900 = SURFACE_STYLE_USAGE ( .BOTH. , #2835 ) ;
#901 = CARTESIAN_POINT ( 'NONE',  ( -5.080000000000000071, 6.034999999999998366, 0.000000000000000000 ) ) ;
#902 = EDGE_LOOP ( 'NONE', ( #2915, #176, #3104 ) ) ;
#903 = LINE ( 'NONE', #1883, #2680 ) ;
#904 = LINE ( 'NONE', #2639, #2887 ) ;
#905 = CARTESIAN_POINT ( 'NONE',  ( -5.080000000000001847, 4.075582913392048034, 4.629999999999999893 ) ) ;
#906 = ORIENTED_EDGE ( 'NONE', *, *, #487, .T. ) ;
#907 = LINE ( 'NONE', #1265, #726 ) ;
#908 = LINE ( 'NONE', #1150, #1044 ) ;
#909 = ORIENTED_EDGE ( 'NONE', *, *, #11, .F. ) ;
#910 = FACE_OUTER_BOUND ( 'NONE', #2355, .T. ) ;
#911 = ADVANCED_FACE ( 'NONE', ( #3091 ), #1857, .T. ) ;
#912 = CARTESIAN_POINT ( 'NONE',  ( -5.080000000000001847, 4.484999999999998543, 1.520168480577632319 ) ) ;
#913 = CARTESIAN_POINT ( 'NONE',  ( 0.000000000000000000, 0.000000000000000000, 0.000000000000000000 ) ) ;
#914 = CARTESIAN_POINT ( 'NONE',  ( -4.930000000000002380, 4.207129382840961718, 4.780000000000000249 ) ) ;
#915 = DIRECTION ( 'NONE',  ( 1.000000000000000000, 0.000000000000000000, 0.000000000000000000 ) ) ;
#916 = EDGE_CURVE ( 'NONE', #2209, #289, #526, .T. ) ;
#917 = DIRECTION ( 'NONE',  ( -1.000000000000000000, -0.000000000000000000, -0.000000000000000000 ) ) ;
#918 = CARTESIAN_POINT ( 'NONE',  ( 3.810000000000000053, -4.634999999999999787, 2.524999999999994138 ) ) ;
#919 = SURFACE_SIDE_STYLE ('',( #2346 ) ) ;
#920 = DIRECTION ( 'NONE',  ( -0.000000000000000000, -0.000000000000000000, 1.000000000000000000 ) ) ;
#921 = DIRECTION ( 'NONE',  ( 1.000000000000000000, 0.000000000000000000, -0.000000000000000000 ) ) ;
#922 = AXIS2_PLACEMENT_3D ( 'NONE', #714, #2456, #2429 ) ;
#923 = LINE ( 'NONE', #2640, #2053 ) ;
#924 = ORIENTED_EDGE ( 'NONE', *, *, #2208, .F. ) ;
#925 = COLOUR_RGB ( '',0.2862745098039215508, 0.2862745098039215508, 0.2862745098039215508 ) ;
#926 = VECTOR ( 'NONE', #382, 1000.000000000000000 ) ;
#927 = CARTESIAN_POINT ( 'NONE',  ( 0.000000000000000000, -7.705000000000000071, 0.000000000000000000 ) ) ;
#928 = ORIENTED_EDGE ( 'NONE', *, *, #1482, .T. ) ;
#929 = FACE_OUTER_BOUND ( 'NONE', #2339, .T. ) ;
#930 = AXIS2_PLACEMENT_3D ( 'NONE', #532, #94, #302 ) ;
#931 = DIRECTION ( 'NONE',  ( 0.000000000000000000, 0.000000000000000000, 1.000000000000000000 ) ) ;
#932 = COLOUR_RGB ( '',0.7529411764705882248, 0.7529411764705882248, 0.7529411764705882248 ) ;
#933 = UNCERTAINTY_MEASURE_WITH_UNIT (LENGTH_MEASURE( 1.000000000000000082E-05 ), #3102, 'distance_accuracy_value', 'NONE');
#934 = FACE_OUTER_BOUND ( 'NONE', #2730, .T. ) ;
#935 = PRESENTATION_LAYER_ASSIGNMENT (  '', '', ( #826 ) ) ;
#936 = CARTESIAN_POINT ( 'NONE',  ( 4.930000000000000604, -4.240148535376293992, 0.1499999999999999944 ) ) ;
#937 = STYLED_ITEM ( 'NONE', ( #8 ), #3113 ) ;
#938 = ADVANCED_FACE ( 'NONE', ( #2953 ), #478, .F. ) ;
#939 = CIRCLE ( 'NONE', #2936, 0.5000000000000000000 ) ;
#940 = VERTEX_POINT ( 'NONE', #1500 ) ;
#941 = CARTESIAN_POINT ( 'NONE',  ( -4.250000000000001776, 4.484999999999998543, 1.529999999999917204 ) ) ;
#942 =( NAMED_UNIT ( * ) SI_UNIT ( $, .STERADIAN. ) SOLID_ANGLE_UNIT ( ) );
#943 = EDGE_CURVE ( 'NONE', #3148, #1496, #2068, .T. ) ;
#944 = STYLED_ITEM ( 'NONE', ( #686 ), #460 ) ;
#945 = ORIENTED_EDGE ( 'NONE', *, *, #1684, .F. ) ;
#946 = DIRECTION ( 'NONE',  ( -0.000000000000000000, -0.000000000000000000, 1.000000000000000000 ) ) ;
#947 = ORIENTED_EDGE ( 'NONE', *, *, #1499, .T. ) ;
#948 = DIRECTION ( 'NONE',  ( 0.000000000000000000, -1.000000000000000000, 0.000000000000000000 ) ) ;
#949 = VERTEX_POINT ( 'NONE', #1958 ) ;
#950 = LINE ( 'NONE', #1981, #2019 ) ;
#951 = ORIENTED_EDGE ( 'NONE', *, *, #2166, .F. ) ;
#952 = CARTESIAN_POINT ( 'NONE',  ( 1.350000000000000089, -8.054999999999999716, 1.524999999999993916 ) ) ;
#953 = LINE ( 'NONE', #1207, #81 ) ;
#954 = ORIENTED_EDGE ( 'NONE', *, *, #278, .T. ) ;
#955 = CARTESIAN_POINT ( 'NONE',  ( 5.080000000000000071, 6.034999999999998366, 1.529999999999917204 ) ) ;
#956 = CARTESIAN_POINT ( 'NONE',  ( -5.080000000000001847, 4.484999999999998543, 0.1499999999999999667 ) ) ;
#957 = DIRECTION ( 'NONE',  ( -1.000000000000000000, 0.000000000000000000, 0.000000000000000000 ) ) ;
#958 =( NAMED_UNIT ( * ) PLANE_ANGLE_UNIT ( ) SI_UNIT ( $, .RADIAN. ) );
#959 = CARTESIAN_POINT ( 'NONE',  ( 4.930000000000000604, -4.240148535376294880, 0.1499999999999999944 ) ) ;
#960 = CARTESIAN_POINT ( 'NONE',  ( 0.000000000000000000, -1.841414930380106174, 4.529999999999999361 ) ) ;
#961 =( NAMED_UNIT ( * ) SI_UNIT ( $, .STERADIAN. ) SOLID_ANGLE_UNIT ( ) );
#962 = EDGE_CURVE ( 'NONE', #2069, #1020, #245, .T. ) ;
#963 = ORIENTED_EDGE ( 'NONE', *, *, #675, .F. ) ;
#964 = LINE ( 'NONE', #1485, #685 ) ;
#965 = ORIENTED_EDGE ( 'NONE', *, *, #2262, .T. ) ;
#966 = DIRECTION ( 'NONE',  ( -1.000000000000000000, 0.000000000000000000, 0.000000000000000000 ) ) ;
#967 = SURFACE_STYLE_FILL_AREA ( #704 ) ;
#968 = ORIENTED_EDGE ( 'NONE', *, *, #1072, .F. ) ;
#969 = UNCERTAINTY_MEASURE_WITH_UNIT (LENGTH_MEASURE( 1.000000000000000082E-05 ), #1631, 'distance_accuracy_value', 'NONE');
#970 = FILL_AREA_STYLE ('',( #1492 ) ) ;
#971 = DIRECTION ( 'NONE',  ( 1.084202172485504434E-16, -1.000000000000000000, 0.000000000000000000 ) ) ;
#972 = EDGE_LOOP ( 'NONE', ( #1909, #2421, #3103 ) ) ;
#973 = DIRECTION ( 'NONE',  ( 0.000000000000000000, -0.000000000000000000, 1.000000000000000000 ) ) ;
#974 = SURFACE_STYLE_USAGE ( .BOTH. , #7 ) ;
#975 = DIRECTION ( 'NONE',  ( -1.871330610546718145E-16, 1.000000000000000000, 0.000000000000000000 ) ) ;
#976 = CARTESIAN_POINT ( 'NONE',  ( 0.000000000000000000, 6.034999999999998366, 0.000000000000000000 ) ) ;
#977 = EDGE_LOOP ( 'NONE', ( #5, #413, #45, #752 ) ) ;
#978 = MECHANICAL_DESIGN_GEOMETRIC_PRESENTATION_REPRESENTATION (  '', ( #1531 ), #2454 ) ;
#979 = EDGE_CURVE ( 'NONE', #1130, #1027, #964, .T. ) ;
#980 =( LENGTH_UNIT ( ) NAMED_UNIT ( * ) SI_UNIT ( .MILLI., .METRE. ) );
#981 = EDGE_LOOP ( 'NONE', ( #2446, #2884, #2207, #1773 ) ) ;
#982 = DIRECTION ( 'NONE',  ( 0.000000000000000000, 0.000000000000000000, -1.000000000000000000 ) ) ;
#983 = VERTEX_POINT ( 'NONE', #1942 ) ;
#984 = VECTOR ( 'NONE', #2668, 1000.000000000000000 ) ;
#985 = ADVANCED_FACE ( 'NONE', ( #509 ), #997, .F. ) ;
#986 = CIRCLE ( 'NONE', #930, 0.1000000000000000472 ) ;
#987 = AXIS2_PLACEMENT_3D ( 'NONE', #1337, #857, #1598 ) ;
#988 = ORIENTED_EDGE ( 'NONE', *, *, #1225, .T. ) ;
#989 = ORIENTED_EDGE ( 'NONE', *, *, #2047, .F. ) ;
#990 = VECTOR ( 'NONE', #183, 1000.000000000000000 ) ;
#991 = STYLED_ITEM ( 'NONE', ( #635 ), #33 ) ;
#992 = DIRECTION ( 'NONE',  ( 0.000000000000000000, 0.9914448613738108262, 0.1305261922200478819 ) ) ;
#993 = PRESENTATION_LAYER_ASSIGNMENT (  '', '', ( #2821 ) ) ;
#994 = CARTESIAN_POINT ( 'NONE',  ( -4.930000000000000604, -4.634999999999999787, 2.000000000000047073 ) ) ;
#995 = VERTEX_POINT ( 'NONE', #2699 ) ;
#996 = AXIS2_PLACEMENT_3D ( 'NONE', #2663, #2683, #1975 ) ;
#997 = PLANE ( 'NONE',  #2621 ) ;
#998 = VERTEX_POINT ( 'NONE', #2461 ) ;
#999 = DIRECTION ( 'NONE',  ( -1.000000000000000000, -1.084202172485504434E-16, 0.000000000000000000 ) ) ;
#1000 = UNCERTAINTY_MEASURE_WITH_UNIT (LENGTH_MEASURE( 1.000000000000000082E-05 ), #2543, 'distance_accuracy_value', 'NONE');
#1001 = AXIS2_PLACEMENT_3D ( 'NONE', #1087, #142, #878 ) ;
#1002 = EDGE_CURVE ( 'NONE', #403, #2024, #279, .T. ) ;
#1003 = COLOUR_RGB ( '',0.2862745098039215508, 0.2862745098039215508, 0.2862745098039215508 ) ;
#1004 = DIRECTION ( 'NONE',  ( -1.000000000000000000, 0.000000000000000000, 0.000000000000000000 ) ) ;
#1005 = ORIENTED_EDGE ( 'NONE', *, *, #2329, .T. ) ;
#1006 = EDGE_CURVE ( 'NONE', #1453, #2528, #1354, .T. ) ;
#1007 = ORIENTED_EDGE ( 'NONE', *, *, #1581, .T. ) ;
#1008 = DIRECTION ( 'NONE',  ( 0.000000000000000000, 1.000000000000000000, 0.000000000000000000 ) ) ;
#1009 = CARTESIAN_POINT ( 'NONE',  ( 4.929999999999998828, 4.634999999999998899, 1.529999999999917204 ) ) ;
#1010 = SURFACE_SIDE_STYLE ('',( #10 ) ) ;
#1011 = FACE_OUTER_BOUND ( 'NONE', #2160, .T. ) ;
#1012 = ORIENTED_EDGE ( 'NONE', *, *, #2707, .T. ) ;
#1013 = DIRECTION ( 'NONE',  ( 1.000000000000000000, 0.000000000000000000, -0.000000000000000000 ) ) ;
#1014 = ORIENTED_EDGE ( 'NONE', *, *, #1901, .T. ) ;
#1015 = DIRECTION ( 'NONE',  ( -0.000000000000000000, -0.000000000000000000, 1.000000000000000000 ) ) ;
#1016 = EDGE_CURVE ( 'NONE', #2822, #1233, #2034, .T. ) ;
#1017 = CARTESIAN_POINT ( 'NONE',  ( -4.250000000000001776, -2.225000000000002309, 1.529999999999917204 ) ) ;
#1018 = EDGE_LOOP ( 'NONE', ( #1508, #2725, #702, #255 ) ) ;
#1019 = FACE_OUTER_BOUND ( 'NONE', #2579, .T. ) ;
#1020 = VERTEX_POINT ( 'NONE', #3040 ) ;
#1021 = EDGE_CURVE ( 'NONE', #218, #253, #349, .T. ) ;
#1022 = ORIENTED_EDGE ( 'NONE', *, *, #260, .F. ) ;
#1023 = DIRECTION ( 'NONE',  ( -0.000000000000000000, 1.000000000000000000, 0.000000000000000000 ) ) ;
#1024 = CARTESIAN_POINT ( 'NONE',  ( 4.099999999999998757, -2.225000000000002309, 1.529999999999917204 ) ) ;
#1025 = CARTESIAN_POINT ( 'NONE',  ( 0.000000000000000000, 0.000000000000000000, 1.529999999999917204 ) ) ;
#1026 =( NAMED_UNIT ( * ) PLANE_ANGLE_UNIT ( ) SI_UNIT ( $, .RADIAN. ) );
#1027 = VERTEX_POINT ( 'NONE', #1099 ) ;
#1028 = FILL_AREA_STYLE_COLOUR ( '', #427 ) ;
#1029 = CYLINDRICAL_SURFACE ( 'NONE', #2989, 0.1499999999999999667 ) ;
#1030 = AXIS2_PLACEMENT_3D ( 'NONE', #1527, #3054, #2799 ) ;
#1031 = CARTESIAN_POINT ( 'NONE',  ( 2.309999999999999609, -4.634999999999999787, -0.001000000000000132727 ) ) ;
#1032 = PRESENTATION_LAYER_ASSIGNMENT (  '', '', ( #1331 ) ) ;
#1033 = CARTESIAN_POINT ( 'NONE',  ( -4.930000000000002380, 4.075582913392048034, 4.629999999999999893 ) ) ;
#1034 = CIRCLE ( 'NONE', #2296, 0.1499999999999999667 ) ;
#1035 = AXIS2_PLACEMENT_3D ( 'NONE', #2440, #1222, #329 ) ;
#1036 = EDGE_LOOP ( 'NONE', ( #1650, #711, #1370, #1879 ) ) ;
#1037 = PRESENTATION_STYLE_ASSIGNMENT (( #1800 ) ) ;
#1038 = STYLED_ITEM ( 'NONE', ( #1128 ), #2021 ) ;
#1039 = EDGE_CURVE ( 'NONE', #2077, #1217, #71, .T. ) ;
#1040 =( GEOMETRIC_REPRESENTATION_CONTEXT ( 3 ) GLOBAL_UNCERTAINTY_ASSIGNED_CONTEXT ( ( #411 ) ) GLOBAL_UNIT_ASSIGNED_CONTEXT ( ( #1877, #1676, #432 ) ) REPRESENTATION_CONTEXT ( 'NONE', 'WORKASPACE' ) );
#1041 = CARTESIAN_POINT ( 'NONE',  ( -1.350000000000000089, 0.000000000000000000, 0.000000000000000000 ) ) ;
#1042 = EDGE_CURVE ( 'NONE', #654, #3139, #2500, .T. ) ;
#1043 = DIRECTION ( 'NONE',  ( 2.442576589794819192E-17, -0.1305261922200486313, 0.9914448613738108262 ) ) ;
#1044 = VECTOR ( 'NONE', #209, 1000.000000000000000 ) ;
#1045 = EDGE_LOOP ( 'NONE', ( #989, #372, #892, #102 ) ) ;
#1046 = FILL_AREA_STYLE ('',( #31 ) ) ;
#1047 = VECTOR ( 'NONE', #615, 1000.000000000000000 ) ;
#1048 = CIRCLE ( 'NONE', #736, 0.1499999999999999944 ) ;
#1049 = CARTESIAN_POINT ( 'NONE',  ( 4.249999999999998224, 4.634999999999998899, 1.529999999999917204 ) ) ;
#1050 = DIRECTION ( 'NONE',  ( -1.000000000000000000, -1.871330610546718145E-16, 0.000000000000000000 ) ) ;
#1051 = PRESENTATION_LAYER_ASSIGNMENT (  '', '', ( #1095 ) ) ;
#1052 = ORIENTED_EDGE ( 'NONE', *, *, #2230, .F. ) ;
#1053 = CARTESIAN_POINT ( 'NONE',  ( 0.000000000000000000, -1.841414930380106174, 4.529999999999999361 ) ) ;
#1054 = AXIS2_PLACEMENT_3D ( 'NONE', #2487, #1013, #55 ) ;
#1055 = SURFACE_STYLE_FILL_AREA ( #842 ) ;
#1056 = ADVANCED_FACE ( 'NONE', ( #591 ), #1290, .T. ) ;
#1057 = PRESENTATION_STYLE_ASSIGNMENT (( #2788 ) ) ;
#1058 = ORIENTED_EDGE ( 'NONE', *, *, #2458, .T. ) ;
#1059 = SURFACE_SIDE_STYLE ('',( #812 ) ) ;
#1060 = EDGE_CURVE ( 'NONE', #2906, #1420, #551, .T. ) ;
#1061 = UNCERTAINTY_MEASURE_WITH_UNIT (LENGTH_MEASURE( 1.000000000000000082E-05 ), #732, 'distance_accuracy_value', 'NONE');
#1062 = CARTESIAN_POINT ( 'NONE',  ( 1.350000000000000089, -8.554999999999999716, 1.524999999999993916 ) ) ;
#1063 = LINE ( 'NONE', #2241, #1536 ) ;
#1064 = CARTESIAN_POINT ( 'NONE',  ( 0.000000000000000000, -1.841414930380106174, 4.629999999999999893 ) ) ;
#1065 = EDGE_LOOP ( 'NONE', ( #1362, #1854, #1022, #1961 ) ) ;
#1066 = VERTEX_POINT ( 'NONE', #3008 ) ;
#1067 = FACE_OUTER_BOUND ( 'NONE', #2824, .T. ) ;
#1068 = CARTESIAN_POINT ( 'NONE',  ( 5.080000000000000071, 0.000000000000000000, 0.000000000000000000 ) ) ;
#1069 = VERTEX_POINT ( 'NONE', #2278 ) ;
#1070 = DIRECTION ( 'NONE',  ( 0.000000000000000000, -1.000000000000000000, 0.000000000000000000 ) ) ;
#1071 = DIRECTION ( 'NONE',  ( 0.000000000000000000, -1.000000000000000000, 0.000000000000000000 ) ) ;
#1072 = EDGE_CURVE ( 'NONE', #403, #2376, #827, .T. ) ;
#1073 = FILL_AREA_STYLE_COLOUR ( '', #2519 ) ;
#1074 = DIRECTION ( 'NONE',  ( -0.000000000000000000, 1.000000000000000000, 0.000000000000000000 ) ) ;
#1075 = VECTOR ( 'NONE', #137, 1000.000000000000000 ) ;
#1076 = ORIENTED_EDGE ( 'NONE', *, *, #14, .F. ) ;
#1077 = AXIS2_PLACEMENT_3D ( 'NONE', #713, #2233, #502 ) ;
#1078 = COLOUR_RGB ( '',0.2862745098039215508, 0.2862745098039215508, 0.2862745098039215508 ) ;
#1079 = FILL_AREA_STYLE_COLOUR ( '', #2782 ) ;
#1080 = CARTESIAN_POINT ( 'NONE',  ( -0.5999999999999999778, -1.841414930380106174, 4.529999999999999361 ) ) ;
#1081 =( GEOMETRIC_REPRESENTATION_CONTEXT ( 3 ) GLOBAL_UNCERTAINTY_ASSIGNED_CONTEXT ( ( #266 ) ) GLOBAL_UNIT_ASSIGNED_CONTEXT ( ( #103, #1356, #90 ) ) REPRESENTATION_CONTEXT ( 'NONE', 'WORKASPACE' ) );
#1082 = SURFACE_STYLE_USAGE ( .BOTH. , #1305 ) ;
#1083 = ORIENTED_EDGE ( 'NONE', *, *, #1667, .T. ) ;
#1084 = PLANE ( 'NONE',  #987 ) ;
#1085 = DIRECTION ( 'NONE',  ( -1.000000000000000000, -5.782411586589358033E-15, 0.000000000000000000 ) ) ;
#1086 = VECTOR ( 'NONE', #1462, 1000.000000000000000 ) ;
#1087 = CARTESIAN_POINT ( 'NONE',  ( 3.810000000000000053, -4.634999999999999787, 0.000000000000000000 ) ) ;
#1088 = DIRECTION ( 'NONE',  ( 0.000000000000000000, -1.000000000000000000, 0.000000000000000000 ) ) ;
#1089 = CARTESIAN_POINT ( 'NONE',  ( 0.000000000000000000, -1.841414930380106174, 4.529999999999999361 ) ) ;
#1090 = STYLED_ITEM ( 'NONE', ( #193 ), #443 ) ;
#1091 =( GEOMETRIC_REPRESENTATION_CONTEXT ( 3 ) GLOBAL_UNCERTAINTY_ASSIGNED_CONTEXT ( ( #2956 ) ) GLOBAL_UNIT_ASSIGNED_CONTEXT ( ( #1921, #2328, #2347 ) ) REPRESENTATION_CONTEXT ( 'NONE', 'WORKASPACE' ) );
#1092 = EDGE_LOOP ( 'NONE', ( #1554, #2240, #89, #1237, #968, #1449, #1434, #1626, #342, #496, #1657, #44, #1646, #2272, #1179, #2228 ) ) ;
#1093 = CARTESIAN_POINT ( 'NONE',  ( 0.000000000000000000, 4.634999999999998899, 0.000000000000000000 ) ) ;
#1094 = EDGE_CURVE ( 'NONE', #2195, #2383, #1806, .T. ) ;
#1095 = STYLED_ITEM ( 'NONE', ( #2304 ), #855 ) ;
#1096 = SURFACE_STYLE_USAGE ( .BOTH. , #1786 ) ;
#1097 = DIRECTION ( 'NONE',  ( -0.000000000000000000, 1.000000000000000000, 0.000000000000000000 ) ) ;
#1098 = STYLED_ITEM ( 'NONE', ( #2750 ), #1257 ) ;
#1099 = CARTESIAN_POINT ( 'NONE',  ( 4.399999999999998579, 4.634999999999998899, 1.529999999999917204 ) ) ;
#1100 = ORIENTED_EDGE ( 'NONE', *, *, #1021, .F. ) ;
#1101 = SURFACE_SIDE_STYLE ('',( #2303 ) ) ;
#1102 = FACE_OUTER_BOUND ( 'NONE', #2858, .T. ) ;
#1103 = DIRECTION ( 'NONE',  ( -0.000000000000000000, 0.000000000000000000, 1.000000000000000000 ) ) ;
#1104 = SURFACE_STYLE_FILL_AREA ( #2306 ) ;
#1105 = CARTESIAN_POINT ( 'NONE',  ( 3.810000000000000053, 0.000000000000000000, 0.000000000000000000 ) ) ;
#1106 = VERTEX_POINT ( 'NONE', #1308 ) ;
#1107 = EDGE_CURVE ( 'NONE', #2332, #361, #101, .T. ) ;
#1108 = SURFACE_SIDE_STYLE ('',( #424 ) ) ;
#1109 = LINE ( 'NONE', #1121, #2048 ) ;
#1110 = ORIENTED_EDGE ( 'NONE', *, *, #1621, .T. ) ;
#1111 = CARTESIAN_POINT ( 'NONE',  ( -4.250000000000001776, -2.375000000000002220, 1.529999999999917204 ) ) ;
#1112 = PRODUCT_DEFINITION_CONTEXT ( 'detailed design', #484, 'design' ) ;
#1113 = DIRECTION ( 'NONE',  ( -1.000000000000000000, -0.000000000000000000, -0.000000000000000000 ) ) ;
#1114 = DIRECTION ( 'NONE',  ( -0.000000000000000000, 0.000000000000000000, 1.000000000000000000 ) ) ;
#1115 = CARTESIAN_POINT ( 'NONE',  ( 0.000000000000000000, -2.375000000000002220, 1.529999999999917204 ) ) ;
#1116 = UNCERTAINTY_MEASURE_WITH_UNIT (LENGTH_MEASURE( 1.000000000000000082E-05 ), #3026, 'distance_accuracy_value', 'NONE');
#1117 = VERTEX_POINT ( 'NONE', #2315 ) ;
#1118 = SURFACE_SIDE_STYLE ('',( #2364 ) ) ;
#1119 = VECTOR ( 'NONE', #2625, 1000.000000000000000 ) ;
#1120 = CARTESIAN_POINT ( 'NONE',  ( 3.810000000000000053, -4.634999999999999787, 2.024999999999993694 ) ) ;
#1121 = CARTESIAN_POINT ( 'NONE',  ( -5.080000000000000071, -4.486283270793927969, 2.019578928833055009 ) ) ;
#1122 = DIRECTION ( 'NONE',  ( -0.000000000000000000, 0.000000000000000000, -1.000000000000000000 ) ) ;
#1123 = ADVANCED_FACE ( 'NONE', ( #188 ), #391, .T. ) ;
#1124 = AXIS2_PLACEMENT_3D ( 'NONE', #2396, #3146, #214 ) ;
#1125 =( GEOMETRIC_REPRESENTATION_CONTEXT ( 3 ) GLOBAL_UNCERTAINTY_ASSIGNED_CONTEXT ( ( #482 ) ) GLOBAL_UNIT_ASSIGNED_CONTEXT ( ( #129, #1310, #1324 ) ) REPRESENTATION_CONTEXT ( 'NONE', 'WORKASPACE' ) );
#1126 = LINE ( 'NONE', #651, #381 ) ;
#1127 = ORIENTED_EDGE ( 'NONE', *, *, #560, .F. ) ;
#1128 = PRESENTATION_STYLE_ASSIGNMENT (( #2610 ) ) ;
#1129 = EDGE_CURVE ( 'NONE', #1751, #791, #2137, .T. ) ;
#1130 = VERTEX_POINT ( 'NONE', #872 ) ;
#1131 = DIRECTION ( 'NONE',  ( 0.000000000000000000, 1.000000000000000000, 0.000000000000000000 ) ) ;
#1132 = CIRCLE ( 'NONE', #2767, 0.6999999999999999556 ) ;
#1133 = CARTESIAN_POINT ( 'NONE',  ( -4.930000000000003268, 4.634999999999998899, 1.529999999999917204 ) ) ;
#1134 = DIRECTION ( 'NONE',  ( -0.000000000000000000, -0.000000000000000000, 1.000000000000000000 ) ) ;
#1135 = SURFACE_SIDE_STYLE ('',( #1329 ) ) ;
#1136 = FILL_AREA_STYLE ('',( #885 ) ) ;
#1137 =( GEOMETRIC_REPRESENTATION_CONTEXT ( 3 ) GLOBAL_UNCERTAINTY_ASSIGNED_CONTEXT ( ( #417 ) ) GLOBAL_UNIT_ASSIGNED_CONTEXT ( ( #2844, #1837, #415 ) ) REPRESENTATION_CONTEXT ( 'NONE', 'WORKASPACE' ) );
#1138 = DIRECTION ( 'NONE',  ( -1.031345705099171767E-16, -1.000000000000000000, 0.000000000000000000 ) ) ;
#1139 = MECHANICAL_DESIGN_GEOMETRIC_PRESENTATION_REPRESENTATION (  '', ( #1862 ), #1091 ) ;
#1140 = ORIENTED_EDGE ( 'NONE', *, *, #104, .T. ) ;
#1141 = CARTESIAN_POINT ( 'NONE',  ( 4.930000000000000604, -4.358585190137263865, 4.649578928833006941 ) ) ;
#1142 =( GEOMETRIC_REPRESENTATION_CONTEXT ( 3 ) GLOBAL_UNCERTAINTY_ASSIGNED_CONTEXT ( ( #1373 ) ) GLOBAL_UNIT_ASSIGNED_CONTEXT ( ( #1416, #958, #1431 ) ) REPRESENTATION_CONTEXT ( 'NONE', 'WORKASPACE' ) );
#1143 = DIRECTION ( 'NONE',  ( 0.000000000000000000, 0.1305261922200487978, -0.9914448613738109373 ) ) ;
#1144 = ORIENTED_EDGE ( 'NONE', *, *, #3132, .T. ) ;
#1145 = AXIS2_PLACEMENT_3D ( 'NONE', #2384, #2575, #388 ) ;
#1146 = EDGE_CURVE ( 'NONE', #2045, #2217, #1126, .T. ) ;
#1147 = FACE_OUTER_BOUND ( 'NONE', #2373, .T. ) ;
#1148 = ORIENTED_EDGE ( 'NONE', *, *, #2259, .F. ) ;
#1149 = CARTESIAN_POINT ( 'NONE',  ( 4.249999999999998224, 0.000000000000000000, 0.000000000000000000 ) ) ;
#1150 = CARTESIAN_POINT ( 'NONE',  ( -1.349999999999999645, -8.054999999999999716, 2.024999999999993694 ) ) ;
#1151 = DIRECTION ( 'NONE',  ( -8.537024980200820092E-17, 1.000000000000000000, 0.000000000000000000 ) ) ;
#1152 = UNCERTAINTY_MEASURE_WITH_UNIT (LENGTH_MEASURE( 1.000000000000000082E-05 ), #559, 'distance_accuracy_value', 'NONE');
#1153 = DIRECTION ( 'NONE',  ( 0.000000000000000000, 0.000000000000000000, -1.000000000000000000 ) ) ;
#1154 = CARTESIAN_POINT ( 'NONE',  ( 3.810000000000000053, -7.705000000000000071, 2.024999999999993694 ) ) ;
#1155 = DIRECTION ( 'NONE',  ( -1.000000000000000000, 0.000000000000000000, -0.000000000000000000 ) ) ;
#1156 =( LENGTH_UNIT ( ) NAMED_UNIT ( * ) SI_UNIT ( .MILLI., .METRE. ) );
#1157 = PLANE ( 'NONE',  #2263 ) ;
#1158 = VERTEX_POINT ( 'NONE', #2124 ) ;
#1159 = DIRECTION ( 'NONE',  ( -1.000000000000000000, -0.000000000000000000, -0.000000000000000000 ) ) ;
#1160 = CARTESIAN_POINT ( 'NONE',  ( 0.000000000000000000, 0.000000000000000000, 0.000000000000000000 ) ) ;
#1161 = DIRECTION ( 'NONE',  ( -1.000000000000000000, -0.000000000000000000, -0.000000000000000000 ) ) ;
#1162 = ORIENTED_EDGE ( 'NONE', *, *, #50, .F. ) ;
#1163 = PLANE ( 'NONE',  #2473 ) ;
#1164 = ORIENTED_EDGE ( 'NONE', *, *, #1471, .F. ) ;
#1165 =( NAMED_UNIT ( * ) SI_UNIT ( $, .STERADIAN. ) SOLID_ANGLE_UNIT ( ) );
#1166 = CARTESIAN_POINT ( 'NONE',  ( -1.349999999999999645, 0.000000000000000000, 0.5000000000000000000 ) ) ;
#1167 = CARTESIAN_POINT ( 'NONE',  ( -5.080000000000000959, -4.572867965644035415, 2.545927651316511220 ) ) ;
#1168 = DIRECTION ( 'NONE',  ( 0.000000000000000000, 0.000000000000000000, 1.000000000000000000 ) ) ;
#1169 = EDGE_CURVE ( 'NONE', #762, #1027, #2107, .T. ) ;
#1170 = LINE ( 'NONE', #707, #2060 ) ;
#1171 = CARTESIAN_POINT ( 'NONE',  ( 3.593975221432917269E-16, -4.209868460931192047, 4.629999999999999893 ) ) ;
#1172 = CARTESIAN_POINT ( 'NONE',  ( 4.249999999999998224, 0.000000000000000000, 1.529999999999917204 ) ) ;
#1173 = ADVANCED_FACE ( 'NONE', ( #676 ), #439, .F. ) ;
#1174 = ORIENTED_EDGE ( 'NONE', *, *, #2916, .T. ) ;
#1175 = DIRECTION ( 'NONE',  ( -0.000000000000000000, -0.000000000000000000, 1.000000000000000000 ) ) ;
#1176 = FILL_AREA_STYLE ('',( #2853 ) ) ;
#1177 = VECTOR ( 'NONE', #1473, 1000.000000000000000 ) ;
#1178 = LINE ( 'NONE', #1682, #2922 ) ;
#1179 = ORIENTED_EDGE ( 'NONE', *, *, #303, .T. ) ;
#1180 = PRESENTATION_LAYER_ASSIGNMENT (  '', '', ( #1754 ) ) ;
#1181 = ORIENTED_EDGE ( 'NONE', *, *, #2550, .T. ) ;
#1182 =( NAMED_UNIT ( * ) PLANE_ANGLE_UNIT ( ) SI_UNIT ( $, .RADIAN. ) );
#1183 = STYLED_ITEM ( 'NONE', ( #2075 ), #2974 ) ;
#1184 = CARTESIAN_POINT ( 'NONE',  ( 4.930000000000001492, -4.634999999999999787, 2.549999999999941203 ) ) ;
#1185 = STYLED_ITEM ( 'NONE', ( #351 ), #1945 ) ;
#1186 = UNCERTAINTY_MEASURE_WITH_UNIT (LENGTH_MEASURE( 1.000000000000000082E-05 ), #2430, 'distance_accuracy_value', 'NONE');
#1187 =( GEOMETRIC_REPRESENTATION_CONTEXT ( 3 ) GLOBAL_UNCERTAINTY_ASSIGNED_CONTEXT ( ( #1186 ) ) GLOBAL_UNIT_ASSIGNED_CONTEXT ( ( #2430, #2752, #1613 ) ) REPRESENTATION_CONTEXT ( 'NONE', 'WORKASPACE' ) );
#1188 = DIRECTION ( 'NONE',  ( 0.000000000000000000, 0.000000000000000000, -1.000000000000000000 ) ) ;
#1189 = EDGE_CURVE ( 'NONE', #1069, #449, #1695, .T. ) ;
#1190 = FACE_OUTER_BOUND ( 'NONE', #607, .T. ) ;
#1191 = CIRCLE ( 'NONE', #1709, 0.1499999999999999667 ) ;
#1192 = CLOSED_SHELL ( 'NONE', ( #2744, #1898, #2901, #2729, #2479, #2243, #595, #2441, #804, #2127, #544, #1833, #154, #2422, #1815, #2280, #2514, #2445, #590, #2172, #880, #645, #2696, #2833, #1745, #938 ) ) ;
#1193 = ORIENTED_EDGE ( 'NONE', *, *, #1684, .T. ) ;
#1194 = DIRECTION ( 'NONE',  ( 1.000000000000000000, 0.000000000000000000, 0.000000000000000000 ) ) ;
#1195 = EDGE_CURVE ( 'NONE', #218, #2612, #2234, .T. ) ;
#1196 =( NAMED_UNIT ( * ) PLANE_ANGLE_UNIT ( ) SI_UNIT ( $, .RADIAN. ) );
#1197 = SURFACE_STYLE_USAGE ( .BOTH. , #1763 ) ;
#1198 = DIRECTION ( 'NONE',  ( 2.442576589794817343E-17, -0.1305261922200485480, -0.9914448613738108262 ) ) ;
#1199 = ORIENTED_EDGE ( 'NONE', *, *, #1016, .F. ) ;
#1200 =( NAMED_UNIT ( * ) SI_UNIT ( $, .STERADIAN. ) SOLID_ANGLE_UNIT ( ) );
#1201 = ORIENTED_EDGE ( 'NONE', *, *, #340, .T. ) ;
#1202 = CARTESIAN_POINT ( 'NONE',  ( -5.080000000000000959, 5.239236181903793925E-16, 1.529999999999917204 ) ) ;
#1203 = AXIS2_PLACEMENT_3D ( 'NONE', #473, #2442, #2407 ) ;
#1204 = CYLINDRICAL_SURFACE ( 'NONE', #3039, 0.1499999999999999667 ) ;
#1205 =( NAMED_UNIT ( * ) SI_UNIT ( $, .STERADIAN. ) SOLID_ANGLE_UNIT ( ) );
#1206 = DIRECTION ( 'NONE',  ( -2.442576589794817343E-17, 0.1305261922200485480, 0.9914448613738108262 ) ) ;
#1207 = CARTESIAN_POINT ( 'NONE',  ( 0.000000000000000000, -6.635000000000000675, 2.024999999999993694 ) ) ;
#1208 = DIRECTION ( 'NONE',  ( 1.000000000000000000, 0.000000000000000000, -0.000000000000000000 ) ) ;
#1209 = ORIENTED_EDGE ( 'NONE', *, *, #2001, .T. ) ;
#1210 = CARTESIAN_POINT ( 'NONE',  ( -1.350000000000000089, -9.054999999999999716, 1.000000000000000000 ) ) ;
#1211 = DIRECTION ( 'NONE',  ( 1.084202172485504434E-16, -1.000000000000000000, 0.000000000000000000 ) ) ;
#1212 = ADVANCED_FACE ( 'NONE', ( #53 ), #750, .T. ) ;
#1213 =( NAMED_UNIT ( * ) PLANE_ANGLE_UNIT ( ) SI_UNIT ( $, .RADIAN. ) );
#1214 = ORIENTED_EDGE ( 'NONE', *, *, #104, .F. ) ;
#1215 = EDGE_LOOP ( 'NONE', ( #1959, #1929, #1127, #2302 ) ) ;
#1216 = DIRECTION ( 'NONE',  ( 0.000000000000000000, -1.000000000000000000, 0.000000000000000000 ) ) ;
#1217 = VERTEX_POINT ( 'NONE', #2002 ) ;
#1218 = UNCERTAINTY_MEASURE_WITH_UNIT (LENGTH_MEASURE( 1.000000000000000082E-05 ), #207, 'distance_accuracy_value', 'NONE');
#1219 = DIRECTION ( 'NONE',  ( -1.000000000000000000, 0.000000000000000000, -0.000000000000000000 ) ) ;
#1220 = CARTESIAN_POINT ( 'NONE',  ( 3.810000000000000053, -7.705000000000000071, 2.024999999999993694 ) ) ;
#1221 = EDGE_LOOP ( 'NONE', ( #3141, #2139, #565, #1474, #2547, #442, #3079, #1402 ) ) ;
#1222 = DIRECTION ( 'NONE',  ( 1.000000000000000000, 0.000000000000000000, 0.000000000000000000 ) ) ;
#1223 = CARTESIAN_POINT ( 'NONE',  ( -5.080000000000001847, 4.484999999999998543, 1.520168480577632319 ) ) ;
#1224 = DIRECTION ( 'NONE',  ( -0.000000000000000000, -0.000000000000000000, 1.000000000000000000 ) ) ;
#1225 = EDGE_CURVE ( 'NONE', #1020, #501, #258, .T. ) ;
#1226 =( NAMED_UNIT ( * ) PLANE_ANGLE_UNIT ( ) SI_UNIT ( $, .RADIAN. ) );
#1227 = ORIENTED_EDGE ( 'NONE', *, *, #2574, .T. ) ;
#1228 = VECTOR ( 'NONE', #2531, 1000.000000000000000 ) ;
#1229 =( NAMED_UNIT ( * ) SI_UNIT ( $, .STERADIAN. ) SOLID_ANGLE_UNIT ( ) );
#1230 = ORIENTED_EDGE ( 'NONE', *, *, #195, .T. ) ;
#1231 = CARTESIAN_POINT ( 'NONE',  ( -1.350000000000000089, -6.554999999999999716, 0.000000000000000000 ) ) ;
#1232 = EDGE_CURVE ( 'NONE', #2126, #1453, #2596, .T. ) ;
#1233 = VERTEX_POINT ( 'NONE', #1472 ) ;
#1234 = CARTESIAN_POINT ( 'NONE',  ( 5.080000000000000071, -4.485000000000001208, 2.540168480577663424 ) ) ;
#1235 =( GEOMETRIC_REPRESENTATION_CONTEXT ( 3 ) GLOBAL_UNCERTAINTY_ASSIGNED_CONTEXT ( ( #1634 ) ) GLOBAL_UNIT_ASSIGNED_CONTEXT ( ( #187, #1196, #3151 ) ) REPRESENTATION_CONTEXT ( 'NONE', 'WORKASPACE' ) );
#1236 = MECHANICAL_DESIGN_GEOMETRIC_PRESENTATION_REPRESENTATION (  '', ( #2153 ), #2971 ) ;
#1237 = ORIENTED_EDGE ( 'NONE', *, *, #3156, .F. ) ;
#1238 = DIRECTION ( 'NONE',  ( -5.782411586589358822E-15, -1.000000000000000000, 0.000000000000000000 ) ) ;
#1239 = PRESENTATION_LAYER_ASSIGNMENT (  '', '', ( #2659 ) ) ;
#1240 = ORIENTED_EDGE ( 'NONE', *, *, #1006, .F. ) ;
#1241 = STYLED_ITEM ( 'NONE', ( #1623 ), #3152 ) ;
#1242 = ORIENTED_EDGE ( 'NONE', *, *, #547, .T. ) ;
#1243 = DIRECTION ( 'NONE',  ( 0.000000000000000000, -0.000000000000000000, 1.000000000000000000 ) ) ;
#1244 = CARTESIAN_POINT ( 'NONE',  ( 5.079999999999998295, 4.634999999999998899, 1.520000000000000018 ) ) ;
#1245 = CARTESIAN_POINT ( 'NONE',  ( 0.000000000000000000, -1.841414930380106174, 4.529999999999999361 ) ) ;
#1246 = DIRECTION ( 'NONE',  ( 0.000000000000000000, -1.000000000000000000, 0.000000000000000000 ) ) ;
#1247 = PRESENTATION_LAYER_ASSIGNMENT (  '', '', ( #171 ) ) ;
#1248 = DIRECTION ( 'NONE',  ( -1.000000000000000000, 0.000000000000000000, 0.000000000000000000 ) ) ;
#1249 = ORIENTED_EDGE ( 'NONE', *, *, #1060, .T. ) ;
#1250 = ADVANCED_FACE ( 'NONE', ( #98 ), #550, .F. ) ;
#1251 = PRESENTATION_LAYER_ASSIGNMENT (  '', '', ( #2472 ) ) ;
#1252 = CARTESIAN_POINT ( 'NONE',  ( -3.810000000000000053, -4.634999999999999787, 0.000000000000000000 ) ) ;
#1253 = VERTEX_POINT ( 'NONE', #1513 ) ;
#1254 = SURFACE_SIDE_STYLE ('',( #2779 ) ) ;
#1255 = UNCERTAINTY_MEASURE_WITH_UNIT (LENGTH_MEASURE( 1.000000000000000082E-05 ), #1990, 'distance_accuracy_value', 'NONE');
#1256 = PRESENTATION_LAYER_ASSIGNMENT (  '', '', ( #1348 ) ) ;
#1257 = ADVANCED_FACE ( 'NONE', ( #1067 ), #306, .T. ) ;
#1258 = VECTOR ( 'NONE', #1043, 1000.000000000000114 ) ;
#1259 = DIRECTION ( 'NONE',  ( 0.000000000000000000, 0.000000000000000000, -1.000000000000000000 ) ) ;
#1260 = ORIENTED_EDGE ( 'NONE', *, *, #175, .F. ) ;
#1261 =( GEOMETRIC_REPRESENTATION_CONTEXT ( 3 ) GLOBAL_UNCERTAINTY_ASSIGNED_CONTEXT ( ( #512 ) ) GLOBAL_UNIT_ASSIGNED_CONTEXT ( ( #807, #2515, #2030 ) ) REPRESENTATION_CONTEXT ( 'NONE', 'WORKASPACE' ) );
#1262 = ORIENTED_EDGE ( 'NONE', *, *, #429, .F. ) ;
#1263 = ORIENTED_EDGE ( 'NONE', *, *, #2130, .T. ) ;
#1264 = ORIENTED_EDGE ( 'NONE', *, *, #1285, .F. ) ;
#1265 = CARTESIAN_POINT ( 'NONE',  ( 1.350000000000000089, 0.000000000000000000, 2.524999999999994138 ) ) ;
#1266 = PLANE ( 'NONE',  #1700 ) ;
#1267 = EDGE_CURVE ( 'NONE', #2521, #1715, #588, .T. ) ;
#1268 = ORIENTED_EDGE ( 'NONE', *, *, #1769, .T. ) ;
#1269 = FILL_AREA_STYLE ('',( #107 ) ) ;
#1270 = EDGE_CURVE ( 'NONE', #1027, #2209, #2312, .T. ) ;
#1271 = DIRECTION ( 'NONE',  ( 1.000000000000000000, 0.000000000000000000, 0.000000000000000000 ) ) ;
#1272 =( LENGTH_UNIT ( ) NAMED_UNIT ( * ) SI_UNIT ( .MILLI., .METRE. ) );
#1273 = DIRECTION ( 'NONE',  ( 0.000000000000000000, 0.000000000000000000, -1.000000000000000000 ) ) ;
#1274 = EDGE_LOOP ( 'NONE', ( #22, #2690, #1480, #134 ) ) ;
#1275 = SURFACE_STYLE_USAGE ( .BOTH. , #2194 ) ;
#1276 = CARTESIAN_POINT ( 'NONE',  ( 4.929999999999999716, 4.484999999999998543, 1.520000000000000018 ) ) ;
#1277 =( LENGTH_UNIT ( ) NAMED_UNIT ( * ) SI_UNIT ( .MILLI., .METRE. ) );
#1278 = AXIS2_PLACEMENT_3D ( 'NONE', #1559, #83, #316 ) ;
#1279 = PRESENTATION_STYLE_ASSIGNMENT (( #2509 ) ) ;
#1280 = AXIS2_PLACEMENT_3D ( 'NONE', #3042, #380, #2125 ) ;
#1281 = EDGE_CURVE ( 'NONE', #1217, #1409, #123, .T. ) ;
#1282 = ORIENTED_EDGE ( 'NONE', *, *, #2047, .T. ) ;
#1283 = AXIS2_PLACEMENT_3D ( 'NONE', #2972, #2662, #475 ) ;
#1284 = VECTOR ( 'NONE', #1925, 1000.000000000000000 ) ;
#1285 = EDGE_CURVE ( 'NONE', #2836, #3050, #2245, .T. ) ;
#1286 =( GEOMETRIC_REPRESENTATION_CONTEXT ( 3 ) GLOBAL_UNCERTAINTY_ASSIGNED_CONTEXT ( ( #2688 ) ) GLOBAL_UNIT_ASSIGNED_CONTEXT ( ( #1730, #2510, #95 ) ) REPRESENTATION_CONTEXT ( 'NONE', 'WORKASPACE' ) );
#1287 = FACE_OUTER_BOUND ( 'NONE', #1888, .T. ) ;
#1288 = DIRECTION ( 'NONE',  ( -0.000000000000000000, 0.000000000000000000, 1.000000000000000000 ) ) ;
#1289 = AXIS2_PLACEMENT_3D ( 'NONE', #1507, #2480, #2181 ) ;
#1290 = SPHERICAL_SURFACE ( 'NONE', #2308, 0.1499999999999999944 ) ;
#1291 = COLOUR_RGB ( '',0.2862745098039215508, 0.2862745098039215508, 0.2862745098039215508 ) ;
#1292 = EDGE_LOOP ( 'NONE', ( #470, #1240, #528, #310 ) ) ;
#1293 = MECHANICAL_DESIGN_GEOMETRIC_PRESENTATION_REPRESENTATION (  '', ( #944 ), #3144 ) ;
#1294 = FACE_OUTER_BOUND ( 'NONE', #1448, .T. ) ;
#1295 = AXIS2_PLACEMENT_3D ( 'NONE', #2281, #116, #2792 ) ;
#1296 = SURFACE_STYLE_FILL_AREA ( #1521 ) ;
#1297 = CARTESIAN_POINT ( 'NONE',  ( 0.000000000000000000, 4.634999999999998899, 0.000000000000000000 ) ) ;
#1298 =( BOUNDED_CURVE ( )  B_SPLINE_CURVE ( 3, ( #2322, #3122, #1167, #2862 ),
 .UNSPECIFIED., .F., .T. ) 
 B_SPLINE_CURVE_WITH_KNOTS ( ( 4, 4 ),
 ( 1.871330610546728992E-16, 1.570796326794896114 ),
 .UNSPECIFIED. ) 
 CURVE ( )  GEOMETRIC_REPRESENTATION_ITEM ( )  RATIONAL_B_SPLINE_CURVE ( ( 1.000000000000000000, 0.8047378541243652705, 0.8047378541243652705, 1.000000000000000000 ) ) 
 REPRESENTATION_ITEM ( '' )  );
#1299 = VECTOR ( 'NONE', #408, 1000.000000000000000 ) ;
#1300 = VERTEX_POINT ( 'NONE', #317 ) ;
#1301 = DIRECTION ( 'NONE',  ( 0.000000000000000000, 0.000000000000000000, -1.000000000000000000 ) ) ;
#1302 = VECTOR ( 'NONE', #637, 1000.000000000000000 ) ;
#1303 = FILL_AREA_STYLE ('',( #1079 ) ) ;
#1304 =( LENGTH_UNIT ( ) NAMED_UNIT ( * ) SI_UNIT ( .MILLI., .METRE. ) );
#1305 = SURFACE_SIDE_STYLE ('',( #1544 ) ) ;
#1306 = CARTESIAN_POINT ( 'NONE',  ( 0.000000000000000000, -1.841414930380106174, 4.679999999999998828 ) ) ;
#1307 = ADVANCED_FACE ( 'NONE', ( #1287 ), #865, .T. ) ;
#1308 = CARTESIAN_POINT ( 'NONE',  ( 4.249999999999998224, -2.225000000000002309, 0.000000000000000000 ) ) ;
#1309 = ORIENTED_EDGE ( 'NONE', *, *, #1923, .F. ) ;
#1310 =( NAMED_UNIT ( * ) PLANE_ANGLE_UNIT ( ) SI_UNIT ( $, .RADIAN. ) );
#1311 = EDGE_CURVE ( 'NONE', #1066, #1733, #152, .T. ) ;
#1312 = DIRECTION ( 'NONE',  ( 1.000000000000000000, 0.000000000000000000, 0.000000000000000000 ) ) ;
#1313 = FILL_AREA_STYLE_COLOUR ( '', #1435 ) ;
#1314 = VERTEX_POINT ( 'NONE', #2606 ) ;
#1315 = CARTESIAN_POINT ( 'NONE',  ( 4.249999999999998224, -2.375000000000002220, 1.529999999999917204 ) ) ;
#1316 = ORIENTED_EDGE ( 'NONE', *, *, #2290, .F. ) ;
#1317 = ORIENTED_EDGE ( 'NONE', *, *, #874, .F. ) ;
#1318 = FACE_OUTER_BOUND ( 'NONE', #977, .T. ) ;
#1319 = FACE_OUTER_BOUND ( 'NONE', #580, .T. ) ;
#1320 = FILL_AREA_STYLE ('',( #348 ) ) ;
#1321 = SURFACE_STYLE_FILL_AREA ( #1564 ) ;
#1322 = EDGE_CURVE ( 'NONE', #1558, #2748, #2121, .T. ) ;
#1323 = ORIENTED_EDGE ( 'NONE', *, *, #1094, .T. ) ;
#1324 =( NAMED_UNIT ( * ) SI_UNIT ( $, .STERADIAN. ) SOLID_ANGLE_UNIT ( ) );
#1325 = EDGE_CURVE ( 'NONE', #39, #403, #2367, .T. ) ;
#1326 = DIRECTION ( 'NONE',  ( -2.442576589794817343E-17, 0.1305261922200485480, 0.9914448613738108262 ) ) ;
#1327 = DIRECTION ( 'NONE',  ( -1.000000000000000000, 0.000000000000000000, 0.000000000000000000 ) ) ;
#1328 = CARTESIAN_POINT ( 'NONE',  ( -4.100000000000002309, -2.375000000000002220, 1.529999999999917204 ) ) ;
#1329 = SURFACE_STYLE_FILL_AREA ( #2832 ) ;
#1330 = EDGE_LOOP ( 'NONE', ( #1227, #1361, #2223, #3089 ) ) ;
#1331 = STYLED_ITEM ( 'NONE', ( #2453 ), #2464 ) ;
#1332 = CIRCLE ( 'NONE', #1035, 0.5000000000000000000 ) ;
#1333 = DIRECTION ( 'NONE',  ( 1.871330610546718145E-16, -1.000000000000000000, -0.000000000000000000 ) ) ;
#1334 =( NAMED_UNIT ( * ) SI_UNIT ( $, .STERADIAN. ) SOLID_ANGLE_UNIT ( ) );
#1335 = MECHANICAL_DESIGN_GEOMETRIC_PRESENTATION_REPRESENTATION (  '', ( #1962 ), #1849 ) ;
#1336 = ORIENTED_EDGE ( 'NONE', *, *, #2733, .T. ) ;
#1337 = CARTESIAN_POINT ( 'NONE',  ( -4.250000000000001776, 0.000000000000000000, 1.529999999999917204 ) ) ;
#1338 = CARTESIAN_POINT ( 'NONE',  ( 1.350000000000000089, 0.000000000000000000, 2.024999999999993694 ) ) ;
#1339 = VECTOR ( 'NONE', #1004, 1000.000000000000000 ) ;
#1340 = SURFACE_STYLE_USAGE ( .BOTH. , #2267 ) ;
#1341 = DIRECTION ( 'NONE',  ( 0.000000000000000000, -0.000000000000000000, -1.000000000000000000 ) ) ;
#1342 = FILL_AREA_STYLE_COLOUR ( '', #2564 ) ;
#1343 = CARTESIAN_POINT ( 'NONE',  ( -1.350000000000000089, -7.705000000000000071, 2.024999999999993694 ) ) ;
#1344 = EDGE_CURVE ( 'NONE', #1715, #762, #186, .T. ) ;
#1345 = VECTOR ( 'NONE', #1134, 1000.000000000000000 ) ;
#1346 = ORIENTED_EDGE ( 'NONE', *, *, #2085, .T. ) ;
#1347 = SURFACE_STYLE_USAGE ( .BOTH. , #3080 ) ;
#1348 = STYLED_ITEM ( 'NONE', ( #2781 ), #817 ) ;
#1349 = DIRECTION ( 'NONE',  ( 0.000000000000000000, -1.000000000000000000, 0.000000000000000000 ) ) ;
#1350 = VECTOR ( 'NONE', #1528, 1000.000000000000114 ) ;
#1351 = FACE_OUTER_BOUND ( 'NONE', #173, .T. ) ;
#1352 = DIRECTION ( 'NONE',  ( 0.000000000000000000, 0.000000000000000000, 1.000000000000000000 ) ) ;
#1353 = VECTOR ( 'NONE', #2344, 1000.000000000000000 ) ;
#1354 = LINE ( 'NONE', #2563, #1350 ) ;
#1355 = VERTEX_POINT ( 'NONE', #918 ) ;
#1356 =( NAMED_UNIT ( * ) PLANE_ANGLE_UNIT ( ) SI_UNIT ( $, .RADIAN. ) );
#1357 = PLANE ( 'NONE',  #1295 ) ;
#1358 = FILL_AREA_STYLE_COLOUR ( '', #1078 ) ;
#1359 = LINE ( 'NONE', #2632, #2415 ) ;
#1360 = DIRECTION ( 'NONE',  ( 0.000000000000000000, 0.000000000000000000, -1.000000000000000000 ) ) ;
#1361 = ORIENTED_EDGE ( 'NONE', *, *, #893, .F. ) ;
#1362 = ORIENTED_EDGE ( 'NONE', *, *, #1506, .T. ) ;
#1363 = EDGE_CURVE ( 'NONE', #289, #1130, #1724, .T. ) ;
#1364 =( LENGTH_UNIT ( ) NAMED_UNIT ( * ) SI_UNIT ( .MILLI., .METRE. ) );
#1365 = EDGE_CURVE ( 'NONE', #1907, #2565, #903, .T. ) ;
#1366 = CARTESIAN_POINT ( 'NONE',  ( 5.080000000000000071, 6.034999999999998366, 0.000000000000000000 ) ) ;
#1367 =( LENGTH_UNIT ( ) NAMED_UNIT ( * ) SI_UNIT ( .MILLI., .METRE. ) );
#1368 = CARTESIAN_POINT ( 'NONE',  ( 0.000000000000000000, -1.841414930380106174, 4.779999999999999361 ) ) ;
#1369 = ORIENTED_EDGE ( 'NONE', *, *, #1363, .F. ) ;
#1370 = ORIENTED_EDGE ( 'NONE', *, *, #2627, .F. ) ;
#1371 = FILL_AREA_STYLE ('',( #1617 ) ) ;
#1372 = DIRECTION ( 'NONE',  ( -1.000000000000000000, -0.000000000000000000, 0.000000000000000000 ) ) ;
#1373 = UNCERTAINTY_MEASURE_WITH_UNIT (LENGTH_MEASURE( 1.000000000000000082E-05 ), #1416, 'distance_accuracy_value', 'NONE');
#1374 = ORIENTED_EDGE ( 'NONE', *, *, #1232, .T. ) ;
#1375 = EDGE_CURVE ( 'NONE', #1233, #2954, #2525, .T. ) ;
#1376 = ORIENTED_EDGE ( 'NONE', *, *, #575, .T. ) ;
#1377 =( NAMED_UNIT ( * ) SI_UNIT ( $, .STERADIAN. ) SOLID_ANGLE_UNIT ( ) );
#1378 = CYLINDRICAL_SURFACE ( 'NONE', #2710, 0.1499999999999998834 ) ;
#1379 = SURFACE_SIDE_STYLE ('',( #406 ) ) ;
#1380 = COLOUR_RGB ( '',0.2862745098039215508, 0.2862745098039215508, 0.2862745098039215508 ) ;
#1381 = EDGE_CURVE ( 'NONE', #3107, #128, #1900, .T. ) ;
#1382 = MECHANICAL_DESIGN_GEOMETRIC_PRESENTATION_REPRESENTATION (  '', ( #2656 ), #2969 ) ;
#1383 = COLOUR_RGB ( '',0.2862745098039215508, 0.2862745098039215508, 0.2862745098039215508 ) ;
#1384 = CARTESIAN_POINT ( 'NONE',  ( 0.000000000000000000, -2.375000000000002220, 1.529999999999917204 ) ) ;
#1385 = ORIENTED_EDGE ( 'NONE', *, *, #1637, .F. ) ;
#1386 = FILL_AREA_STYLE_COLOUR ( '', #1555 ) ;
#1387 = MECHANICAL_DESIGN_GEOMETRIC_PRESENTATION_REPRESENTATION (  '', ( #937 ), #277 ) ;
#1388 = ORIENTED_EDGE ( 'NONE', *, *, #1189, .T. ) ;
#1389 = LINE ( 'NONE', #1421, #1955 ) ;
#1390 = CARTESIAN_POINT ( 'NONE',  ( 5.017867965644036587, -4.635000000000002451, 2.000000000000077716 ) ) ;
#1391 = SHAPE_DEFINITION_REPRESENTATION ( #1896, #346 ) ;
#1392 = PRESENTATION_LAYER_ASSIGNMENT (  '', '', ( #1855 ) ) ;
#1393 = DIRECTION ( 'NONE',  ( 1.000000000000000000, 8.537024980200820092E-17, 0.000000000000000000 ) ) ;
#1394 = CARTESIAN_POINT ( 'NONE',  ( -5.080000000000000959, 5.239236181903793925E-16, -0.000000000000000000 ) ) ;
#1395 = AXIS2_PLACEMENT_3D ( 'NONE', #3110, #132, #2811 ) ;
#1396 = ORIENTED_EDGE ( 'NONE', *, *, #100, .T. ) ;
#1397 = PRESENTATION_STYLE_ASSIGNMENT (( #1658 ) ) ;
#1398 = CARTESIAN_POINT ( 'NONE',  ( 0.000000000000000000, 4.224299642598119853, 4.649578928833006941 ) ) ;
#1399 = SURFACE_SIDE_STYLE ('',( #2897 ) ) ;
#1400 = CARTESIAN_POINT ( 'NONE',  ( 4.930000000000000604, -4.388865264582364922, 0.1304210711669928080 ) ) ;
#1401 = EDGE_CURVE ( 'NONE', #2748, #449, #168, .T. ) ;
#1402 = ORIENTED_EDGE ( 'NONE', *, *, #851, .T. ) ;
#1403 = MECHANICAL_DESIGN_GEOMETRIC_PRESENTATION_REPRESENTATION (  '', ( #1098 ), #797 ) ;
#1404 = ORIENTED_EDGE ( 'NONE', *, *, #699, .F. ) ;
#1405 = CARTESIAN_POINT ( 'NONE',  ( -4.250000000000001776, 4.484999999999998543, 1.529999999999917204 ) ) ;
#1406 = ORIENTED_EDGE ( 'NONE', *, *, #284, .T. ) ;
#1407 = DIRECTION ( 'NONE',  ( 0.000000000000000000, -1.000000000000000000, -0.000000000000000000 ) ) ;
#1408 = UNCERTAINTY_MEASURE_WITH_UNIT (LENGTH_MEASURE( 1.000000000000000082E-05 ), #980, 'distance_accuracy_value', 'NONE');
#1409 = VERTEX_POINT ( 'NONE', #3131 ) ;
#1410 = LINE ( 'NONE', #1916, #2553 ) ;
#1411 = DIRECTION ( 'NONE',  ( 0.000000000000000000, 0.000000000000000000, -1.000000000000000000 ) ) ;
#1412 = ORIENTED_EDGE ( 'NONE', *, *, #2130, .F. ) ;
#1413 = CARTESIAN_POINT ( 'NONE',  ( 5.079999999999998295, 4.634999999999998899, 1.529999999999917204 ) ) ;
#1414 = DIRECTION ( 'NONE',  ( 1.000000000000000000, -0.000000000000000000, -0.000000000000000000 ) ) ;
#1415 = PRESENTATION_STYLE_ASSIGNMENT (( #2152 ) ) ;
#1416 =( LENGTH_UNIT ( ) NAMED_UNIT ( * ) SI_UNIT ( .MILLI., .METRE. ) );
#1417 = SPHERICAL_SURFACE ( 'NONE', #1537, 0.1499999999999999944 ) ;
#1418 = ORIENTED_EDGE ( 'NONE', *, *, #135, .T. ) ;
#1419 = SURFACE_STYLE_USAGE ( .BOTH. , #1889 ) ;
#1420 = VERTEX_POINT ( 'NONE', #2798 ) ;
#1421 = CARTESIAN_POINT ( 'NONE',  ( 3.810000000000000053, -4.634999999999999787, 2.024999999999993694 ) ) ;
#1422 = ORIENTED_EDGE ( 'NONE', *, *, #851, .F. ) ;
#1423 = SURFACE_STYLE_USAGE ( .BOTH. , #2179 ) ;
#1424 = EDGE_CURVE ( 'NONE', #949, #2836, #602, .T. ) ;
#1425 = CARTESIAN_POINT ( 'NONE',  ( -5.080000000000001847, 4.207129382840961718, 4.629999999999999893 ) ) ;
#1426 = DIRECTION ( 'NONE',  ( 0.000000000000000000, -1.000000000000000000, 0.000000000000000000 ) ) ;
#1427 = ORIENTED_EDGE ( 'NONE', *, *, #1311, .T. ) ;
#1428 = CARTESIAN_POINT ( 'NONE',  ( 0.5000000000000000000, -4.634999999999999787, 2.024999999999993694 ) ) ;
#1429 = CARTESIAN_POINT ( 'NONE',  ( -2.309999999999999609, -4.634999999999999787, -0.001000000000000132727 ) ) ;
#1430 = VECTOR ( 'NONE', #1246, 1000.000000000000000 ) ;
#1431 =( NAMED_UNIT ( * ) SI_UNIT ( $, .STERADIAN. ) SOLID_ANGLE_UNIT ( ) );
#1432 = COLOUR_RGB ( '',0.2862745098039215508, 0.2862745098039215508, 0.2862745098039215508 ) ;
#1433 = CARTESIAN_POINT ( 'NONE',  ( -5.080000000000000071, -4.485000000000000320, 2.540168480577672305 ) ) ;
#1434 = ORIENTED_EDGE ( 'NONE', *, *, #2326, .T. ) ;
#1435 = COLOUR_RGB ( '',0.2862745098039215508, 0.2862745098039215508, 0.2862745098039215508 ) ;
#1436 = FACE_OUTER_BOUND ( 'NONE', #1648, .T. ) ;
#1437 = ORIENTED_EDGE ( 'NONE', *, *, #135, .F. ) ;
#1438 = SURFACE_STYLE_USAGE ( .BOTH. , #2646 ) ;
#1439 = SURFACE_STYLE_USAGE ( .BOTH. , #1688 ) ;
#1440 = SURFACE_STYLE_FILL_AREA ( #2161 ) ;
#1441 = CIRCLE ( 'NONE', #416, 0.1000000000000002554 ) ;
#1442 = UNCERTAINTY_MEASURE_WITH_UNIT (LENGTH_MEASURE( 1.000000000000000082E-05 ), #611, 'distance_accuracy_value', 'NONE');
#1443 = LINE ( 'NONE', #914, #1853 ) ;
#1444 = CARTESIAN_POINT ( 'NONE',  ( 3.810000000000000053, 0.000000000000000000, 0.000000000000000000 ) ) ;
#1445 = EDGE_CURVE ( 'NONE', #1918, #2954, #1591, .T. ) ;
#1446 =( GEOMETRIC_REPRESENTATION_CONTEXT ( 3 ) GLOBAL_UNCERTAINTY_ASSIGNED_CONTEXT ( ( #631 ) ) GLOBAL_UNIT_ASSIGNED_CONTEXT ( ( #3096, #1635, #2602 ) ) REPRESENTATION_CONTEXT ( 'NONE', 'WORKASPACE' ) );
#1447 = CIRCLE ( 'NONE', #3140, 0.1499999999999999667 ) ;
#1448 = EDGE_LOOP ( 'NONE', ( #1951, #1934, #2652, #2593 ) ) ;
#1449 = ORIENTED_EDGE ( 'NONE', *, *, #1325, .F. ) ;
#1450 = DIRECTION ( 'NONE',  ( -1.000000000000000000, -1.084202172485504434E-16, 0.000000000000000000 ) ) ;
#1451 = EDGE_CURVE ( 'NONE', #1579, #2383, #2589, .T. ) ;
#1452 = VECTOR ( 'NONE', #17, 1000.000000000000000 ) ;
#1453 = VERTEX_POINT ( 'NONE', #2852 ) ;
#1454 = DIRECTION ( 'NONE',  ( 0.000000000000000000, -0.000000000000000000, -1.000000000000000000 ) ) ;
#1455 = FILL_AREA_STYLE ('',( #2877 ) ) ;
#1456 = LINE ( 'NONE', #976, #2813 ) ;
#1457 = EDGE_LOOP ( 'NONE', ( #2399, #1703, #1369, #785 ) ) ;
#1458 = CARTESIAN_POINT ( 'NONE',  ( 5.080000000000000071, -4.222978275619136745, 0.01957892883300700257 ) ) ;
#1459 = DIRECTION ( 'NONE',  ( -0.000000000000000000, -0.000000000000000000, 1.000000000000000000 ) ) ;
#1460 = VERTEX_POINT ( 'NONE', #1141 ) ;
#1461 = VECTOR ( 'NONE', #975, 1000.000000000000000 ) ;
#1462 = DIRECTION ( 'NONE',  ( -1.000000000000000000, 0.000000000000000000, 0.000000000000000000 ) ) ;
#1463 = ORIENTED_EDGE ( 'NONE', *, *, #1708, .F. ) ;
#1464 = DIRECTION ( 'NONE',  ( -1.000000000000000000, 0.000000000000000000, 0.000000000000000000 ) ) ;
#1465 = EDGE_CURVE ( 'NONE', #2822, #1217, #254, .T. ) ;
#1466 = ORIENTED_EDGE ( 'NONE', *, *, #400, .T. ) ;
#1467 = CARTESIAN_POINT ( 'NONE',  ( 4.929999999999998828, 4.207129382840961718, 4.779999999999999361 ) ) ;
#1468 = ORIENTED_EDGE ( 'NONE', *, *, #1016, .T. ) ;
#1469 = FACE_OUTER_BOUND ( 'NONE', #981, .T. ) ;
#1470 =( NAMED_UNIT ( * ) PLANE_ANGLE_UNIT ( ) SI_UNIT ( $, .RADIAN. ) );
#1471 = EDGE_CURVE ( 'NONE', #463, #2535, #843, .T. ) ;
#1472 = CARTESIAN_POINT ( 'NONE',  ( -4.930000000000000604, -4.388865264582365810, 0.1304210711669928080 ) ) ;
#1473 = DIRECTION ( 'NONE',  ( 0.000000000000000000, 0.000000000000000000, -1.000000000000000000 ) ) ;
#1474 = ORIENTED_EDGE ( 'NONE', *, *, #3012, .F. ) ;
#1475 = VERTEX_POINT ( 'NONE', #2894 ) ;
#1476 = CARTESIAN_POINT ( 'NONE',  ( 4.930000000000000604, -4.240148535376293992, 0.1500000000000001055 ) ) ;
#1477 = CARTESIAN_POINT ( 'NONE',  ( 4.249999999999998224, 4.484999999999998543, 0.000000000000000000 ) ) ;
#1478 = ORIENTED_EDGE ( 'NONE', *, *, #2275, .T. ) ;
#1479 = PRESENTATION_STYLE_ASSIGNMENT (( #49 ) ) ;
#1480 = ORIENTED_EDGE ( 'NONE', *, *, #2070, .F. ) ;
#1481 = FACE_OUTER_BOUND ( 'NONE', #2286, .T. ) ;
#1482 = EDGE_CURVE ( 'NONE', #740, #998, #2981, .T. ) ;
#1483 = ORIENTED_EDGE ( 'NONE', *, *, #1797, .F. ) ;
#1484 = PRESENTATION_LAYER_ASSIGNMENT (  '', '', ( #1531 ) ) ;
#1485 = CARTESIAN_POINT ( 'NONE',  ( 4.399999999999998579, 4.634999999999998899, 1.520000000000000018 ) ) ;
#1486 = EDGE_LOOP ( 'NONE', ( #2146, #1865, #2893, #2000 ) ) ;
#1487 = CARTESIAN_POINT ( 'NONE',  ( 0.4999999999999994449, 5.421010862427516007E-17, 2.024999999999993694 ) ) ;
#1488 = AXIS2_PLACEMENT_3D ( 'NONE', #3112, #1842, #1393 ) ;
#1489 = AXIS2_PLACEMENT_3D ( 'NONE', #2793, #1569, #1341 ) ;
#1490 = CIRCLE ( 'NONE', #665, 0.1000000000000000472 ) ;
#1491 = AXIS2_PLACEMENT_3D ( 'NONE', #959, #1143, #3153 ) ;
#1492 = FILL_AREA_STYLE_COLOUR ( '', #2300 ) ;
#1493 = DIRECTION ( 'NONE',  ( 0.000000000000000000, 0.000000000000000000, 1.000000000000000000 ) ) ;
#1494 = CARTESIAN_POINT ( 'NONE',  ( -4.250000000000001776, 0.000000000000000000, 1.529999999999917204 ) ) ;
#1495 = AXIS2_PLACEMENT_3D ( 'NONE', #2348, #1352, #3116 ) ;
#1496 = VERTEX_POINT ( 'NONE', #1210 ) ;
#1497 = PLANE ( 'NONE',  #1640 ) ;
#1498 = PLANE ( 'NONE',  #321 ) ;
#1499 = EDGE_CURVE ( 'NONE', #434, #1514, #1332, .T. ) ;
#1500 = CARTESIAN_POINT ( 'NONE',  ( 1.350000000000000089, -9.054999999999999716, 1.524999999999994138 ) ) ;
#1501 = ORIENTED_EDGE ( 'NONE', *, *, #1801, .F. ) ;
#1502 =( NAMED_UNIT ( * ) SI_UNIT ( $, .STERADIAN. ) SOLID_ANGLE_UNIT ( ) );
#1503 = FACE_OUTER_BOUND ( 'NONE', #660, .T. ) ;
#1504 = DIRECTION ( 'NONE',  ( -1.000000000000000000, -8.537024980200820092E-17, 0.000000000000000000 ) ) ;
#1505 = PRESENTATION_LAYER_ASSIGNMENT (  '', '', ( #84 ) ) ;
#1506 = EDGE_CURVE ( 'NONE', #1751, #2358, #469, .T. ) ;
#1507 = CARTESIAN_POINT ( 'NONE',  ( 4.930000000000000604, -4.209868460931194711, 4.629999999999999893 ) ) ;
#1508 = ORIENTED_EDGE ( 'NONE', *, *, #2026, .F. ) ;
#1509 = DIRECTION ( 'NONE',  ( 0.000000000000000000, -0.000000000000000000, 1.000000000000000000 ) ) ;
#1510 = PRESENTATION_LAYER_ASSIGNMENT (  '', '', ( #1098 ) ) ;
#1511 = VERTEX_POINT ( 'NONE', #2202 ) ;
#1512 = PLANE ( 'NONE',  #1278 ) ;
#1513 = CARTESIAN_POINT ( 'NONE',  ( 4.929999999999998828, 4.224299642598119853, 4.649578928833006941 ) ) ;
#1514 = VERTEX_POINT ( 'NONE', #1919 ) ;
#1515 = PLANE ( 'NONE',  #864 ) ;
#1516 = FILL_AREA_STYLE_COLOUR ( '', #1291 ) ;
#1517 =( NAMED_UNIT ( * ) PLANE_ANGLE_UNIT ( ) SI_UNIT ( $, .RADIAN. ) );
#1518 = VERTEX_POINT ( 'NONE', #2927 ) ;
#1519 = EDGE_CURVE ( 'NONE', #995, #501, #1738, .T. ) ;
#1520 = CARTESIAN_POINT ( 'NONE',  ( -5.080000000000000071, -4.634999999999999787, 2.000000000000047073 ) ) ;
#1521 = FILL_AREA_STYLE ('',( #2983 ) ) ;
#1522 = DIRECTION ( 'NONE',  ( 0.000000000000000000, 0.000000000000000000, -1.000000000000000000 ) ) ;
#1523 = EDGE_CURVE ( 'NONE', #1496, #1511, #3000, .T. ) ;
#1524 = EDGE_LOOP ( 'NONE', ( #928, #40, #873, #494 ) ) ;
#1525 = DIRECTION ( 'NONE',  ( -0.000000000000000000, -0.000000000000000000, 1.000000000000000000 ) ) ;
#1526 = CARTESIAN_POINT ( 'NONE',  ( 1.350000000000000089, 0.000000000000000000, 0.5000000000000000000 ) ) ;
#1527 = CARTESIAN_POINT ( 'NONE',  ( 0.000000000000000000, -6.635000000000000675, -0.001000000000000132727 ) ) ;
#1528 = DIRECTION ( 'NONE',  ( 2.442576589794815494E-17, -0.1305261922200484648, 0.9914448613738108262 ) ) ;
#1529 = VERTEX_POINT ( 'NONE', #219 ) ;
#1530 = FILL_AREA_STYLE_COLOUR ( '', #377 ) ;
#1531 = STYLED_ITEM ( 'NONE', ( #1992 ), #2147 ) ;
#1532 = SURFACE_STYLE_FILL_AREA ( #3029 ) ;
#1533 = FACE_OUTER_BOUND ( 'NONE', #2634, .T. ) ;
#1534 = CIRCLE ( 'NONE', #605, 0.4999999999999998890 ) ;
#1535 = FACE_OUTER_BOUND ( 'NONE', #1683, .T. ) ;
#1536 = VECTOR ( 'NONE', #2985, 1000.000000000000000 ) ;
#1537 = AXIS2_PLACEMENT_3D ( 'NONE', #2108, #890, #1873 ) ;
#1538 = ORIENTED_EDGE ( 'NONE', *, *, #1998, .T. ) ;
#1539 = EDGE_CURVE ( 'NONE', #449, #3041, #2185, .T. ) ;
#1540 =( GEOMETRIC_REPRESENTATION_CONTEXT ( 3 ) GLOBAL_UNCERTAINTY_ASSIGNED_CONTEXT ( ( #742 ) ) GLOBAL_UNIT_ASSIGNED_CONTEXT ( ( #2387, #3135, #942 ) ) REPRESENTATION_CONTEXT ( 'NONE', 'WORKASPACE' ) );
#1541 =( GEOMETRIC_REPRESENTATION_CONTEXT ( 3 ) GLOBAL_UNCERTAINTY_ASSIGNED_CONTEXT ( ( #891 ) ) GLOBAL_UNIT_ASSIGNED_CONTEXT ( ( #688, #2863, #1205 ) ) REPRESENTATION_CONTEXT ( 'NONE', 'WORKASPACE' ) );
#1542 = SURFACE_STYLE_USAGE ( .BOTH. , #3019 ) ;
#1543 = DIRECTION ( 'NONE',  ( 0.000000000000000000, 0.000000000000000000, -1.000000000000000000 ) ) ;
#1544 = SURFACE_STYLE_FILL_AREA ( #1320 ) ;
#1545 = STYLED_ITEM ( 'NONE', ( #2197 ), #151 ) ;
#1546 = DIRECTION ( 'NONE',  ( 1.000000000000000000, 0.000000000000000000, 0.000000000000000000 ) ) ;
#1547 = VECTOR ( 'NONE', #2361, 1000.000000000000000 ) ;
#1548 = ORIENTED_EDGE ( 'NONE', *, *, #64, .F. ) ;
#1549 = CARTESIAN_POINT ( 'NONE',  ( -1.349999999999999645, 0.000000000000000000, 2.024999999999993694 ) ) ;
#1550 = DIRECTION ( 'NONE',  ( 1.871330610546717406E-16, -1.000000000000000000, 0.000000000000000000 ) ) ;
#1551 = VECTOR ( 'NONE', #1153, 1000.000000000000000 ) ;
#1552 = LINE ( 'NONE', #1582, #2568 ) ;
#1553 = SURFACE_STYLE_USAGE ( .BOTH. , #1618 ) ;
#1554 = ORIENTED_EDGE ( 'NONE', *, *, #318, .T. ) ;
#1555 = COLOUR_RGB ( '',0.2862745098039215508, 0.2862745098039215508, 0.2862745098039215508 ) ;
#1556 = DIRECTION ( 'NONE',  ( -0.000000000000000000, -0.000000000000000000, 1.000000000000000000 ) ) ;
#1557 = MECHANICAL_DESIGN_GEOMETRIC_PRESENTATION_REPRESENTATION (  '', ( #1611 ), #431 ) ;
#1558 = VERTEX_POINT ( 'NONE', #1428 ) ;
#1559 = CARTESIAN_POINT ( 'NONE',  ( 0.000000000000000000, 0.000000000000000000, 4.779999999999999361 ) ) ;
#1560 = VECTOR ( 'NONE', #375, 1000.000000000000000 ) ;
#1561 = ADVANCED_FACE ( 'NONE', ( #1533 ), #239, .T. ) ;
#1562 = FILL_AREA_STYLE ('',( #2787 ) ) ;
#1563 = DIRECTION ( 'NONE',  ( 0.000000000000000000, 0.000000000000000000, -1.000000000000000000 ) ) ;
#1564 = FILL_AREA_STYLE ('',( #825 ) ) ;
#1565 = EDGE_CURVE ( 'NONE', #2444, #1597, #2910, .T. ) ;
#1566 = EDGE_LOOP ( 'NONE', ( #265, #2860, #246, #1638, #1110, #828, #1014, #947, #2815, #1140, #2041, #2851 ) ) ;
#1567 = DIRECTION ( 'NONE',  ( -2.442576589794815802E-17, 0.1305261922200484648, -0.9914448613738108262 ) ) ;
#1568 = DIRECTION ( 'NONE',  ( 1.000000000000000000, 0.000000000000000000, 0.000000000000000000 ) ) ;
#1569 = DIRECTION ( 'NONE',  ( 0.000000000000000000, -1.000000000000000000, 0.000000000000000000 ) ) ;
#1570 = CARTESIAN_POINT ( 'NONE',  ( 0.000000000000000000, 4.634999999999998899, 1.529999999999917204 ) ) ;
#1571 = ORIENTED_EDGE ( 'NONE', *, *, #760, .T. ) ;
#1572 = CARTESIAN_POINT ( 'NONE',  ( 0.5000000000000001110, -6.635000000000000675, -0.001000000000000132727 ) ) ;
#1573 = DIRECTION ( 'NONE',  ( 0.000000000000000000, -0.000000000000000000, -1.000000000000000000 ) ) ;
#1574 = LINE ( 'NONE', #2773, #1706 ) ;
#1575 = SURFACE_STYLE_USAGE ( .BOTH. , #405 ) ;
#1576 = EDGE_CURVE ( 'NONE', #2015, #654, #1844, .T. ) ;
#1577 = DIRECTION ( 'NONE',  ( 0.000000000000000000, -0.000000000000000000, 1.000000000000000000 ) ) ;
#1578 = CARTESIAN_POINT ( 'NONE',  ( -4.930000000000000604, -4.209868460931192935, 4.629999999999999893 ) ) ;
#1579 = VERTEX_POINT ( 'NONE', #1858 ) ;
#1580 = CYLINDRICAL_SURFACE ( 'NONE', #70, 0.1499999999999998834 ) ;
#1581 = EDGE_CURVE ( 'NONE', #995, #1130, #2763, .T. ) ;
#1582 = CARTESIAN_POINT ( 'NONE',  ( 0.000000000000000000, -2.375000000000002220, 1.529999999999917204 ) ) ;
#1583 = SURFACE_SIDE_STYLE ('',( #859 ) ) ;
#1584 = SURFACE_STYLE_USAGE ( .BOTH. , #2628 ) ;
#1585 = VECTOR ( 'NONE', #108, 1000.000000000000000 ) ;
#1586 = AXIS2_PLACEMENT_3D ( 'NONE', #334, #2988, #1301 ) ;
#1587 = ORIENTED_EDGE ( 'NONE', *, *, #1878, .F. ) ;
#1588 = SURFACE_STYLE_USAGE ( .BOTH. , #1118 ) ;
#1589 = VECTOR ( 'NONE', #2958, 1000.000000000000000 ) ;
#1590 = AXIS2_PLACEMENT_3D ( 'NONE', #682, #1672, #2997 ) ;
#1591 = LINE ( 'NONE', #2559, #1560 ) ;
#1592 = CIRCLE ( 'NONE', #1283, 0.1499999999999999667 ) ;
#1593 = CARTESIAN_POINT ( 'NONE',  ( 4.249999999999998224, 4.484999999999998543, 1.529999999999917204 ) ) ;
#1594 = MECHANICAL_DESIGN_GEOMETRIC_PRESENTATION_REPRESENTATION (  '', ( #2658 ), #162 ) ;
#1595 = SURFACE_SIDE_STYLE ('',( #2314 ) ) ;
#1596 = PRESENTATION_STYLE_ASSIGNMENT (( #2076 ) ) ;
#1597 = VERTEX_POINT ( 'NONE', #2581 ) ;
#1598 = DIRECTION ( 'NONE',  ( -0.000000000000000000, 0.000000000000000000, -1.000000000000000000 ) ) ;
#1599 = PRESENTATION_LAYER_ASSIGNMENT (  '', '', ( #1241 ) ) ;
#1600 = EDGE_CURVE ( 'NONE', #1514, #106, #2827, .T. ) ;
#1601 = CIRCLE ( 'NONE', #327, 0.5000000000000000000 ) ;
#1602 = CARTESIAN_POINT ( 'NONE',  ( 0.000000000000000000, -2.375000000000002220, -0.000000000000000000 ) ) ;
#1603 = DIRECTION ( 'NONE',  ( 0.000000000000000000, -0.000000000000000000, 1.000000000000000000 ) ) ;
#1604 = SURFACE_STYLE_USAGE ( .BOTH. , #2809 ) ;
#1605 = CARTESIAN_POINT ( 'NONE',  ( -5.017867965644036587, 4.634999999999998010, 1.529999999999916982 ) ) ;
#1606 =( GEOMETRIC_REPRESENTATION_CONTEXT ( 3 ) GLOBAL_UNCERTAINTY_ASSIGNED_CONTEXT ( ( #1116 ) ) GLOBAL_UNIT_ASSIGNED_CONTEXT ( ( #3026, #3011, #74 ) ) REPRESENTATION_CONTEXT ( 'NONE', 'WORKASPACE' ) );
#1607 = AXIS2_PLACEMENT_3D ( 'NONE', #2584, #2115, #2354 ) ;
#1608 = ORIENTED_EDGE ( 'NONE', *, *, #181, .F. ) ;
#1609 = VECTOR ( 'NONE', #435, 1000.000000000000000 ) ;
#1610 = DIRECTION ( 'NONE',  ( 1.000000000000000000, 0.000000000000000000, 0.000000000000000000 ) ) ;
#1611 = STYLED_ITEM ( 'NONE', ( #273 ), #1212 ) ;
#1612 = FILL_AREA_STYLE_COLOUR ( '', #925 ) ;
#1613 =( NAMED_UNIT ( * ) SI_UNIT ( $, .STERADIAN. ) SOLID_ANGLE_UNIT ( ) );
#1614 = ORIENTED_EDGE ( 'NONE', *, *, #1482, .F. ) ;
#1615 = DIRECTION ( 'NONE',  ( 0.000000000000000000, -5.782411586589357244E-15, -1.000000000000000000 ) ) ;
#1616 = EDGE_LOOP ( 'NONE', ( #2279, #1767, #1679, #2191 ) ) ;
#1617 = FILL_AREA_STYLE_COLOUR ( '', #2727 ) ;
#1618 = SURFACE_SIDE_STYLE ('',( #3058 ) ) ;
#1619 = CARTESIAN_POINT ( 'NONE',  ( -4.930000000000002380, 4.075582913392048034, 4.629999999999999893 ) ) ;
#1620 = PRESENTATION_STYLE_ASSIGNMENT (( #1604 ) ) ;
#1621 = EDGE_CURVE ( 'NONE', #2167, #3107, #2066, .T. ) ;
#1622 = PLANE ( 'NONE',  #1607 ) ;
#1623 = PRESENTATION_STYLE_ASSIGNMENT (( #633 ) ) ;
#1624 = ORIENTED_EDGE ( 'NONE', *, *, #2807, .T. ) ;
#1625 = EDGE_CURVE ( 'NONE', #1518, #2565, #3013, .T. ) ;
#1626 = ORIENTED_EDGE ( 'NONE', *, *, #100, .F. ) ;
#1627 = DIRECTION ( 'NONE',  ( 0.000000000000000000, 0.9914448613738108262, 0.1305261922200485758 ) ) ;
#1628 = FILL_AREA_STYLE_COLOUR ( '', #1647 ) ;
#1629 =( BOUNDED_CURVE ( )  B_SPLINE_CURVE ( 3, ( #956, #202, #3085, #3100 ),
 .UNSPECIFIED., .F., .T. ) 
 B_SPLINE_CURVE_WITH_KNOTS ( ( 4, 4 ),
 ( 4.712388980384689674, 6.283185307179586232 ),
 .UNSPECIFIED. ) 
 CURVE ( )  GEOMETRIC_REPRESENTATION_ITEM ( )  RATIONAL_B_SPLINE_CURVE ( ( 1.000000000000000000, 0.8047378541243649375, 0.8047378541243649375, 1.000000000000000000 ) ) 
 REPRESENTATION_ITEM ( '' )  );
#1630 = ORIENTED_EDGE ( 'NONE', *, *, #136, .F. ) ;
#1631 =( LENGTH_UNIT ( ) NAMED_UNIT ( * ) SI_UNIT ( .MILLI., .METRE. ) );
#1632 = VERTEX_POINT ( 'NONE', #2092 ) ;
#1633 = PLANE ( 'NONE',  #374 ) ;
#1634 = UNCERTAINTY_MEASURE_WITH_UNIT (LENGTH_MEASURE( 1.000000000000000082E-05 ), #187, 'distance_accuracy_value', 'NONE');
#1635 =( NAMED_UNIT ( * ) PLANE_ANGLE_UNIT ( ) SI_UNIT ( $, .RADIAN. ) );
#1636 = VECTOR ( 'NONE', #404, 1000.000000000000000 ) ;
#1637 = EDGE_CURVE ( 'NONE', #1314, #2140, #343, .T. ) ;
#1638 = ORIENTED_EDGE ( 'NONE', *, *, #634, .T. ) ;
#1639 = CARTESIAN_POINT ( 'NONE',  ( 4.930000000000000604, -4.266232904819156957, 0.3481304564734747919 ) ) ;
#1640 = AXIS2_PLACEMENT_3D ( 'NONE', #763, #1008, #1243 ) ;
#1641 = STYLED_ITEM ( 'NONE', ( #788 ), #1561 ) ;
#1642 = EDGE_CURVE ( 'NONE', #1529, #2521, #3072, .T. ) ;
#1643 = AXIS2_PLACEMENT_3D ( 'NONE', #1570, #816, #831 ) ;
#1644 = AXIS2_PLACEMENT_3D ( 'NONE', #2138, #440, #1615 ) ;
#1645 = SURFACE_STYLE_USAGE ( .BOTH. , #1924 ) ;
#1646 = ORIENTED_EDGE ( 'NONE', *, *, #1129, .F. ) ;
#1647 = COLOUR_RGB ( '',0.2862745098039215508, 0.2862745098039215508, 0.2862745098039215508 ) ;
#1648 = EDGE_LOOP ( 'NONE', ( #2040, #140, #3120, #2481 ) ) ;
#1649 = CARTESIAN_POINT ( 'NONE',  ( 2.309999999999999609, -4.634999999999999787, 2.024999999999993694 ) ) ;
#1650 = ORIENTED_EDGE ( 'NONE', *, *, #1519, .T. ) ;
#1651 = AXIS2_PLACEMENT_3D ( 'NONE', #2097, #2380, #1155 ) ;
#1652 = CARTESIAN_POINT ( 'NONE',  ( -1.349999999999999645, -8.554999999999999716, 0.000000000000000000 ) ) ;
#1653 = MECHANICAL_DESIGN_GEOMETRIC_PRESENTATION_REPRESENTATION (  '', ( #1714 ), #1137 ) ;
#1654 = CARTESIAN_POINT ( 'NONE',  ( 0.4999999999999998890, -1.841414930380106174, 4.529999999999999361 ) ) ;
#1655 = LINE ( 'NONE', #619, #793 ) ;
#1656 = CIRCLE ( 'NONE', #2420, 1.000000000000000000 ) ;
#1657 = ORIENTED_EDGE ( 'NONE', *, *, #1850, .T. ) ;
#1658 = SURFACE_STYLE_USAGE ( .BOTH. , #1108 ) ;
#1659 = LINE ( 'NONE', #1884, #1119 ) ;
#1660 = ORIENTED_EDGE ( 'NONE', *, *, #2627, .T. ) ;
#1661 =( NAMED_UNIT ( * ) PLANE_ANGLE_UNIT ( ) SI_UNIT ( $, .RADIAN. ) );
#1662 = COLOUR_RGB ( '',0.7529411764705882248, 0.7529411764705882248, 0.7529411764705882248 ) ;
#1663 = ADVANCED_FACE ( 'NONE', ( #143 ), #368, .F. ) ;
#1664 = COLOUR_RGB ( '',0.2862745098039215508, 0.2862745098039215508, 0.2862745098039215508 ) ;
#1665 = CARTESIAN_POINT ( 'NONE',  ( 5.080000000000000071, -4.485000000000001208, 2.009831519422342172 ) ) ;
#1666 = SURFACE_STYLE_FILL_AREA ( #1455 ) ;
#1667 = EDGE_CURVE ( 'NONE', #2741, #3003, #130, .T. ) ;
#1668 = ORIENTED_EDGE ( 'NONE', *, *, #1499, .F. ) ;
#1669 = AXIS2_PLACEMENT_3D ( 'NONE', #336, #2017, #1573 ) ;
#1670 = CYLINDRICAL_SURFACE ( 'NONE', #378, 0.1499999999999999667 ) ;
#1671 = ORIENTED_EDGE ( 'NONE', *, *, #315, .T. ) ;
#1672 = DIRECTION ( 'NONE',  ( 1.807003620809174632E-16, -1.044883867397589674E-30, 1.000000000000000000 ) ) ;
#1673 = ORIENTED_EDGE ( 'NONE', *, *, #2187, .F. ) ;
#1674 = CARTESIAN_POINT ( 'NONE',  ( 5.017867965644036587, -4.634999999999999787, 2.549999999999943867 ) ) ;
#1675 = UNCERTAINTY_MEASURE_WITH_UNIT (LENGTH_MEASURE( 1.000000000000000082E-05 ), #1811, 'distance_accuracy_value', 'NONE');
#1676 =( NAMED_UNIT ( * ) PLANE_ANGLE_UNIT ( ) SI_UNIT ( $, .RADIAN. ) );
#1677 = DIRECTION ( 'NONE',  ( 0.000000000000000000, -1.000000000000000000, 0.000000000000000000 ) ) ;
#1678 = CARTESIAN_POINT ( 'NONE',  ( 3.810000000000000053, -8.054999999999999716, 1.000000000000000000 ) ) ;
#1679 = ORIENTED_EDGE ( 'NONE', *, *, #764, .T. ) ;
#1680 = DIRECTION ( 'NONE',  ( 1.000000000000000000, 8.537024980200820092E-17, 0.000000000000000000 ) ) ;
#1681 = CARTESIAN_POINT ( 'NONE',  ( -2.309999999999999609, 0.000000000000000000, 2.024999999999993694 ) ) ;
#1682 = CARTESIAN_POINT ( 'NONE',  ( -0.000000000000000000, -6.635000000000000675, 2.524999999999994138 ) ) ;
#1683 = EDGE_LOOP ( 'NONE', ( #1052, #2588, #1268, #616 ) ) ;
#1684 = EDGE_CURVE ( 'NONE', #2376, #128, #2080, .T. ) ;
#1685 = DIRECTION ( 'NONE',  ( 0.000000000000000000, 0.000000000000000000, -1.000000000000000000 ) ) ;
#1686 = ORIENTED_EDGE ( 'NONE', *, *, #749, .T. ) ;
#1687 = FACE_OUTER_BOUND ( 'NONE', #97, .T. ) ;
#1688 = SURFACE_SIDE_STYLE ('',( #967 ) ) ;
#1689 = ADVANCED_FACE ( 'NONE', ( #1825 ), #612, .T. ) ;
#1690 = DIRECTION ( 'NONE',  ( -1.000000000000000000, -8.537024980200820092E-17, -1.553365246046811925E-33 ) ) ;
#1691 = APPLICATION_CONTEXT ( 'automotive_design' ) ;
#1692 = ORIENTED_EDGE ( 'NONE', *, *, #1642, .F. ) ;
#1693 = DIRECTION ( 'NONE',  ( -1.871330610546718145E-16, 1.000000000000000000, 0.000000000000000000 ) ) ;
#1694 = FACE_OUTER_BOUND ( 'NONE', #747, .T. ) ;
#1695 = LINE ( 'NONE', #779, #2994 ) ;
#1696 = DIRECTION ( 'NONE',  ( 0.000000000000000000, 1.000000000000000000, -0.000000000000000000 ) ) ;
#1697 = PRESENTATION_LAYER_ASSIGNMENT (  '', '', ( #462 ) ) ;
#1698 = CYLINDRICAL_SURFACE ( 'NONE', #2762, 0.1499999999999999667 ) ;
#1699 = ORIENTED_EDGE ( 'NONE', *, *, #2144, .T. ) ;
#1700 = AXIS2_PLACEMENT_3D ( 'NONE', #2013, #1074, #1509 ) ;
#1701 = MECHANICAL_DESIGN_GEOMETRIC_PRESENTATION_REPRESENTATION (  '', ( #1038 ), #2100 ) ;
#1702 = DIRECTION ( 'NONE',  ( -1.000000000000000000, -0.000000000000000000, -0.000000000000000000 ) ) ;
#1703 = ORIENTED_EDGE ( 'NONE', *, *, #979, .F. ) ;
#1704 = AXIS2_PLACEMENT_3D ( 'NONE', #2206, #225, #506 ) ;
#1705 = FACE_OUTER_BOUND ( 'NONE', #1914, .T. ) ;
#1706 = VECTOR ( 'NONE', #2542, 1000.000000000000000 ) ;
#1707 = UNCERTAINTY_MEASURE_WITH_UNIT (LENGTH_MEASURE( 1.000000000000000082E-05 ), #2428, 'distance_accuracy_value', 'NONE');
#1708 = EDGE_CURVE ( 'NONE', #2836, #1979, #160, .T. ) ;
#1709 = AXIS2_PLACEMENT_3D ( 'NONE', #2403, #957, #2912 ) ;
#1710 = LINE ( 'NONE', #2941, #830 ) ;
#1711 = CARTESIAN_POINT ( 'NONE',  ( 0.000000000000000000, -1.841414930380106174, 4.629999999999999893 ) ) ;
#1712 = FILL_AREA_STYLE ('',( #2908 ) ) ;
#1713 = EDGE_CURVE ( 'NONE', #1597, #218, #3092, .T. ) ;
#1714 = STYLED_ITEM ( 'NONE', ( #2320 ), #352 ) ;
#1715 = VERTEX_POINT ( 'NONE', #1133 ) ;
#1716 =( NAMED_UNIT ( * ) PLANE_ANGLE_UNIT ( ) SI_UNIT ( $, .RADIAN. ) );
#1717 = FACE_OUTER_BOUND ( 'NONE', #3009, .T. ) ;
#1718 = DIRECTION ( 'NONE',  ( 0.000000000000000000, 0.000000000000000000, -1.000000000000000000 ) ) ;
#1719 = DIRECTION ( 'NONE',  ( 0.000000000000000000, 0.000000000000000000, -1.000000000000000000 ) ) ;
#1720 = ORIENTED_EDGE ( 'NONE', *, *, #2166, .T. ) ;
#1721 = VECTOR ( 'NONE', #2757, 1000.000000000000114 ) ;
#1722 = ORIENTED_EDGE ( 'NONE', *, *, #2674, .T. ) ;
#1723 = LINE ( 'NONE', #248, #331 ) ;
#1724 = CIRCLE ( 'NONE', #3150, 0.1499999999999999667 ) ;
#1725 = CARTESIAN_POINT ( 'NONE',  ( 1.350000000000000089, -8.554999999999999716, 0.000000000000000000 ) ) ;
#1726 = DIRECTION ( 'NONE',  ( 0.000000000000000000, 0.000000000000000000, -1.000000000000000000 ) ) ;
#1727 = ORIENTED_EDGE ( 'NONE', *, *, #2088, .F. ) ;
#1728 = EDGE_CURVE ( 'NONE', #2410, #1751, #1389, .T. ) ;
#1729 = FACE_BOUND ( 'NONE', #2083, .T. ) ;
#1730 =( LENGTH_UNIT ( ) NAMED_UNIT ( * ) SI_UNIT ( .MILLI., .METRE. ) );
#1731 = FACE_OUTER_BOUND ( 'NONE', #1566, .T. ) ;
#1732 = SURFACE_STYLE_FILL_AREA ( #751 ) ;
#1733 = VERTEX_POINT ( 'NONE', #1405 ) ;
#1734 = DIRECTION ( 'NONE',  ( 1.000000000000000000, 1.871330610546717406E-16, -0.000000000000000000 ) ) ;
#1735 = ORIENTED_EDGE ( 'NONE', *, *, #1713, .F. ) ;
#1736 = SURFACE_STYLE_FILL_AREA ( #1046 ) ;
#1737 = UNCERTAINTY_MEASURE_WITH_UNIT (LENGTH_MEASURE( 1.000000000000000082E-05 ), #1364, 'distance_accuracy_value', 'NONE');
#1738 =( BOUNDED_CURVE ( )  B_SPLINE_CURVE ( 3, ( #2508, #93, #2676, #731 ),
 .UNSPECIFIED., .F., .T. ) 
 B_SPLINE_CURVE_WITH_KNOTS ( ( 4, 4 ),
 ( 5.969544647644029355E-15, 1.570796326794896780 ),
 .UNSPECIFIED. ) 
 CURVE ( )  GEOMETRIC_REPRESENTATION_ITEM ( )  RATIONAL_B_SPLINE_CURVE ( ( 1.000000000000000000, 0.8047378541243663808, 0.8047378541243663808, 1.000000000000000000 ) ) 
 REPRESENTATION_ITEM ( '' )  );
#1739 = CARTESIAN_POINT ( 'NONE',  ( -1.349999999999999645, -8.054999999999999716, 1.000000000000000000 ) ) ;
#1740 = DIRECTION ( 'NONE',  ( 1.000000000000000000, 0.000000000000000000, -0.000000000000000000 ) ) ;
#1741 = ORIENTED_EDGE ( 'NONE', *, *, #3156, .T. ) ;
#1742 = ORIENTED_EDGE ( 'NONE', *, *, #1365, .F. ) ;
#1743 = ORIENTED_EDGE ( 'NONE', *, *, #2678, .T. ) ;
#1744 = FILL_AREA_STYLE ('',( #2694 ) ) ;
#1745 = ADVANCED_FACE ( 'NONE', ( #1687 ), #2631, .F. ) ;
#1746 = FILL_AREA_STYLE_COLOUR ( '', #2948 ) ;
#1747 = LINE ( 'NONE', #320, #1585 ) ;
#1748 = CARTESIAN_POINT ( 'NONE',  ( -5.080000000000000071, -4.572867965644038080, 2.004072348683522797 ) ) ;
#1749 = EDGE_CURVE ( 'NONE', #706, #2946, #179, .T. ) ;
#1750 = MECHANICAL_DESIGN_GEOMETRIC_PRESENTATION_REPRESENTATION (  '', ( #868 ), #1235 ) ;
#1751 = VERTEX_POINT ( 'NONE', #1649 ) ;
#1752 = MECHANICAL_DESIGN_GEOMETRIC_PRESENTATION_REPRESENTATION (  '', ( #2498 ), #2005 ) ;
#1753 = AXIS2_PLACEMENT_3D ( 'NONE', #2783, #2037, #815 ) ;
#1754 = STYLED_ITEM ( 'NONE', ( #2310 ), #2643 ) ;
#1755 = SURFACE_STYLE_USAGE ( .BOTH. , #251 ) ;
#1756 = ORIENTED_EDGE ( 'NONE', *, *, #2571, .F. ) ;
#1757 = DIRECTION ( 'NONE',  ( 1.000000000000000000, 0.000000000000000000, 0.000000000000000000 ) ) ;
#1758 =( GEOMETRIC_REPRESENTATION_CONTEXT ( 3 ) GLOBAL_UNCERTAINTY_ASSIGNED_CONTEXT ( ( #1930 ) ) GLOBAL_UNIT_ASSIGNED_CONTEXT ( ( #1272, #68, #2043 ) ) REPRESENTATION_CONTEXT ( 'NONE', 'WORKASPACE' ) );
#1759 = ORIENTED_EDGE ( 'NONE', *, *, #1039, .T. ) ;
#1760 = PRESENTATION_LAYER_ASSIGNMENT (  '', '', ( #937 ) ) ;
#1761 = DIRECTION ( 'NONE',  ( -2.442576589794814570E-17, 0.1305261922200484648, -0.9914448613738108262 ) ) ;
#1762 = CLOSED_SHELL ( 'NONE', ( #2109, #365, #2295, #814, #2544, #800, #119, #2789, #3016, #1123 ) ) ;
#1763 = SURFACE_SIDE_STYLE ('',( #2661 ) ) ;
#1764 = PLANE ( 'NONE',  #922 ) ;
#1765 = CIRCLE ( 'NONE', #2468, 0.6999999999999999556 ) ;
#1766 = SURFACE_SIDE_STYLE ('',( #809 ) ) ;
#1767 = ORIENTED_EDGE ( 'NONE', *, *, #508, .F. ) ;
#1768 = PLANE ( 'NONE',  #871 ) ;
#1769 = EDGE_CURVE ( 'NONE', #1989, #2535, #455, .T. ) ;
#1770 = MECHANICAL_DESIGN_GEOMETRIC_PRESENTATION_REPRESENTATION (  '', ( #2171 ), #2775 ) ;
#1771 = AXIS2_PLACEMENT_3D ( 'NONE', #1160, #697, #139 ) ;
#1772 = CARTESIAN_POINT ( 'NONE',  ( 0.000000000000000000, -2.375000000000002220, -0.000000000000000000 ) ) ;
#1773 = ORIENTED_EDGE ( 'NONE', *, *, #1401, .T. ) ;
#1774 = DIRECTION ( 'NONE',  ( -1.000000000000000000, 0.000000000000000000, 0.000000000000000000 ) ) ;
#1775 = PLANE ( 'NONE',  #20 ) ;
#1776 = CARTESIAN_POINT ( 'NONE',  ( -4.930000000000002380, 4.634999999999998899, 1.520000000000000018 ) ) ;
#1777 = DIRECTION ( 'NONE',  ( 1.000000000000000000, 0.000000000000000000, 0.000000000000000000 ) ) ;
#1778 = FILL_AREA_STYLE ('',( #2518 ) ) ;
#1779 = DIRECTION ( 'NONE',  ( 0.000000000000000000, 0.000000000000000000, 1.000000000000000000 ) ) ;
#1780 = ORIENTED_EDGE ( 'NONE', *, *, #1281, .T. ) ;
#1781 = FACE_OUTER_BOUND ( 'NONE', #231, .T. ) ;
#1782 = CARTESIAN_POINT ( 'NONE',  ( -4.930000000000000604, -4.634999999999999787, 2.549999999999941203 ) ) ;
#1783 = ADVANCED_FACE ( 'NONE', ( #929 ), #2882, .T. ) ;
#1784 = DIRECTION ( 'NONE',  ( -0.000000000000000000, -0.000000000000000000, 1.000000000000000000 ) ) ;
#1785 = DIRECTION ( 'NONE',  ( 1.000000000000000000, 0.000000000000000000, 0.000000000000000000 ) ) ;
#1786 = SURFACE_SIDE_STYLE ('',( #2990 ) ) ;
#1787 = PLANE ( 'NONE',  #2336 ) ;
#1788 = FILL_AREA_STYLE ('',( #1516 ) ) ;
#1789 = CARTESIAN_POINT ( 'NONE',  ( -4.930000000000002380, 4.484999999999998543, 1.520000000000000018 ) ) ;
#1790 =( LENGTH_UNIT ( ) NAMED_UNIT ( * ) SI_UNIT ( .MILLI., .METRE. ) );
#1791 = CARTESIAN_POINT ( 'NONE',  ( -2.309999999999999609, -6.635000000000000675, -0.001000000000000132727 ) ) ;
#1792 = CIRCLE ( 'NONE', #409, 0.1499999999999999667 ) ;
#1793 = CYLINDRICAL_SURFACE ( 'NONE', #2829, 0.1499999999999998834 ) ;
#1794 = MECHANICAL_DESIGN_GEOMETRIC_PRESENTATION_REPRESENTATION (  '', ( #1954 ), #2337 ) ;
#1795 = SURFACE_SIDE_STYLE ('',( #1296 ) ) ;
#1796 = PRESENTATION_LAYER_ASSIGNMENT (  '', '', ( #1641 ) ) ;
#1797 = EDGE_CURVE ( 'NONE', #1943, #3003, #907, .T. ) ;
#1798 = COLOUR_RGB ( '',0.2862745098039215508, 0.2862745098039215508, 0.2862745098039215508 ) ;
#1799 = VERTEX_POINT ( 'NONE', #2731 ) ;
#1800 = SURFACE_STYLE_USAGE ( .BOTH. , #2494 ) ;
#1801 = EDGE_CURVE ( 'NONE', #1066, #3139, #497, .T. ) ;
#1802 = AXIS2_PLACEMENT_3D ( 'NONE', #2409, #882, #204 ) ;
#1803 = CYLINDRICAL_SURFACE ( 'NONE', #467, 0.1499999999999999667 ) ;
#1804 = FACE_OUTER_BOUND ( 'NONE', #758, .T. ) ;
#1805 = CIRCLE ( 'NONE', #1289, 0.1499999999999999667 ) ;
#1806 = LINE ( 'NONE', #1791, #485 ) ;
#1807 = COLOUR_RGB ( '',0.2862745098039215508, 0.2862745098039215508, 0.2862745098039215508 ) ;
#1808 = ORIENTED_EDGE ( 'NONE', *, *, #1375, .F. ) ;
#1809 = FACE_OUTER_BOUND ( 'NONE', #2389, .T. ) ;
#1810 = STYLED_ITEM ( 'NONE', ( #69 ), #610 ) ;
#1811 =( LENGTH_UNIT ( ) NAMED_UNIT ( * ) SI_UNIT ( .MILLI., .METRE. ) );
#1812 = STYLED_ITEM ( 'NONE', ( #2136 ), #734 ) ;
#1813 = PLANE ( 'NONE',  #1643 ) ;
#1814 = FILL_AREA_STYLE_COLOUR ( '', #3136 ) ;
#1815 = ADVANCED_FACE ( 'NONE', ( #543 ), #2963, .T. ) ;
#1816 = DIRECTION ( 'NONE',  ( 0.000000000000000000, -1.000000000000000000, 0.000000000000000000 ) ) ;
#1817 = MANIFOLD_SOLID_BREP ( 'Fillet2', #1192 ) ;
#1818 = EDGE_CURVE ( 'NONE', #2236, #2077, #522, .T. ) ;
#1819 = CARTESIAN_POINT ( 'NONE',  ( -5.080000000000000071, -4.209868460931195600, 4.629999999999999893 ) ) ;
#1820 = DIRECTION ( 'NONE',  ( 1.000000000000000000, 0.000000000000000000, 0.000000000000000000 ) ) ;
#1821 = CARTESIAN_POINT ( 'NONE',  ( -4.250000000000001776, -2.225000000000002309, 1.529999999999917204 ) ) ;
#1822 = VERTEX_POINT ( 'NONE', #2489 ) ;
#1823 = CARTESIAN_POINT ( 'NONE',  ( 4.249999999999998224, 0.000000000000000000, 0.000000000000000000 ) ) ;
#1824 = FACE_OUTER_BOUND ( 'NONE', #1330, .T. ) ;
#1825 = FACE_OUTER_BOUND ( 'NONE', #2619, .T. ) ;
#1826 = CARTESIAN_POINT ( 'NONE',  ( 5.080000000000000071, -4.485000000000001208, 2.009831519422342172 ) ) ;
#1827 =( NAMED_UNIT ( * ) PLANE_ANGLE_UNIT ( ) SI_UNIT ( $, .RADIAN. ) );
#1828 = EDGE_LOOP ( 'NONE', ( #1263, #1720, #2433, #3015, #2493, #1346, #2664, #2459 ) ) ;
#1829 = CARTESIAN_POINT ( 'NONE',  ( 0.5999999999999999778, -1.841414930380106174, 4.679999999999998828 ) ) ;
#1830 = DIRECTION ( 'NONE',  ( 0.000000000000000000, -0.000000000000000000, 1.000000000000000000 ) ) ;
#1831 = CARTESIAN_POINT ( 'NONE',  ( -5.080000000000000071, -4.634999999999999787, 1.520000000000000018 ) ) ;
#1832 = DIRECTION ( 'NONE',  ( 0.000000000000000000, 0.000000000000000000, -1.000000000000000000 ) ) ;
#1833 = ADVANCED_FACE ( 'NONE', ( #1781 ), #2686, .F. ) ;
#1834 = FILL_AREA_STYLE_COLOUR ( '', #1664 ) ;
#1835 = ORIENTED_EDGE ( 'NONE', *, *, #962, .T. ) ;
#1836 = SURFACE_STYLE_USAGE ( .BOTH. , #1583 ) ;
#1837 =( NAMED_UNIT ( * ) PLANE_ANGLE_UNIT ( ) SI_UNIT ( $, .RADIAN. ) );
#1838 = ORIENTED_EDGE ( 'NONE', *, *, #2968, .T. ) ;
#1839 =( GEOMETRIC_REPRESENTATION_CONTEXT ( 3 ) GLOBAL_UNCERTAINTY_ASSIGNED_CONTEXT ( ( #2213 ) ) GLOBAL_UNIT_ASSIGNED_CONTEXT ( ( #3133, #888, #638 ) ) REPRESENTATION_CONTEXT ( 'NONE', 'WORKASPACE' ) );
#1840 = STYLED_ITEM ( 'NONE', ( #1866 ), #2590 ) ;
#1841 = ORIENTED_EDGE ( 'NONE', *, *, #547, .F. ) ;
#1842 = DIRECTION ( 'NONE',  ( -8.463989548039962653E-17, 0.9914448613738108262, 0.1305261922200486313 ) ) ;
#1843 = PRESENTATION_LAYER_ASSIGNMENT (  '', '', ( #2656 ) ) ;
#1844 = CIRCLE ( 'NONE', #1753, 0.1499999999999999667 ) ;
#1845 = DIRECTION ( 'NONE',  ( -2.442576589794819192E-17, 0.1305261922200486313, -0.9914448613738109373 ) ) ;
#1846 = STYLED_ITEM ( 'NONE', ( #1415 ), #3049 ) ;
#1847 = LINE ( 'NONE', #2819, #2600 ) ;
#1848 = AXIS2_PLACEMENT_3D ( 'NONE', #1476, #2226, #982 ) ;
#1849 =( GEOMETRIC_REPRESENTATION_CONTEXT ( 3 ) GLOBAL_UNCERTAINTY_ASSIGNED_CONTEXT ( ( #768 ) ) GLOBAL_UNIT_ASSIGNED_CONTEXT ( ( #623, #639, #2820 ) ) REPRESENTATION_CONTEXT ( 'NONE', 'WORKASPACE' ) );
#1850 = EDGE_CURVE ( 'NONE', #1558, #2777, #2742, .T. ) ;
#1851 = ORIENTED_EDGE ( 'NONE', *, *, #1039, .F. ) ;
#1852 = FILL_AREA_STYLE_COLOUR ( '', #3028 ) ;
#1853 = VECTOR ( 'NONE', #2163, 1000.000000000000114 ) ;
#1854 = ORIENTED_EDGE ( 'NONE', *, *, #3126, .F. ) ;
#1855 = STYLED_ITEM ( 'NONE', ( #867 ), #335 ) ;
#1856 = EDGE_CURVE ( 'NONE', #1300, #983, #2007, .T. ) ;
#1857 = CYLINDRICAL_SURFACE ( 'NONE', #2728, 0.1499999999999999667 ) ;
#1858 = CARTESIAN_POINT ( 'NONE',  ( -2.309999999999999609, -4.634999999999999787, 2.524999999999994138 ) ) ;
#1859 = DIRECTION ( 'NONE',  ( 8.463989548039962653E-17, -0.9914448613738108262, 0.1305261922200485480 ) ) ;
#1860 = LINE ( 'NONE', #2067, #2112 ) ;
#1861 = DIRECTION ( 'NONE',  ( 0.000000000000000000, 0.000000000000000000, -1.000000000000000000 ) ) ;
#1862 = STYLED_ITEM ( 'NONE', ( #2576 ), #710 ) ;
#1863 = FACE_OUTER_BOUND ( 'NONE', #2889, .T. ) ;
#1864 = VECTOR ( 'NONE', #2170, 1000.000000000000000 ) ;
#1865 = ORIENTED_EDGE ( 'NONE', *, *, #2807, .F. ) ;
#1866 = PRESENTATION_STYLE_ASSIGNMENT (( #1588 ) ) ;
#1867 = FACE_OUTER_BOUND ( 'NONE', #2177, .T. ) ;
#1868 = VECTOR ( 'NONE', #1546, 1000.000000000000000 ) ;
#1869 = DIRECTION ( 'NONE',  ( 1.000000000000000000, -0.000000000000000000, -0.000000000000000000 ) ) ;
#1870 = VECTOR ( 'NONE', #2044, 1000.000000000000000 ) ;
#1871 = FACE_OUTER_BOUND ( 'NONE', #1215, .T. ) ;
#1872 = DIRECTION ( 'NONE',  ( 1.000000000000000000, 0.000000000000000000, 0.000000000000000000 ) ) ;
#1873 = DIRECTION ( 'NONE',  ( 0.000000000000000000, 0.000000000000000000, 1.000000000000000000 ) ) ;
#1874 = LINE ( 'NONE', #894, #574 ) ;
#1875 = SURFACE_STYLE_FILL_AREA ( #145 ) ;
#1876 = CARTESIAN_POINT ( 'NONE',  ( 4.249999999999998224, 4.634999999999998899, 1.529999999999917204 ) ) ;
#1877 =( LENGTH_UNIT ( ) NAMED_UNIT ( * ) SI_UNIT ( .MILLI., .METRE. ) );
#1878 = EDGE_CURVE ( 'NONE', #1158, #1799, #2251, .T. ) ;
#1879 = ORIENTED_EDGE ( 'NONE', *, *, #491, .F. ) ;
#1880 = FILL_AREA_STYLE ('',( #420 ) ) ;
#1881 = EDGE_CURVE ( 'NONE', #2358, #1999, #2478, .T. ) ;
#1882 = ORIENTED_EDGE ( 'NONE', *, *, #560, .T. ) ;
#1883 = CARTESIAN_POINT ( 'NONE',  ( -4.250000000000001776, -2.375000000000002220, 1.529999999999917204 ) ) ;
#1884 = CARTESIAN_POINT ( 'NONE',  ( -5.080000000000001847, 4.634999999999998899, 0.000000000000000000 ) ) ;
#1885 = DIRECTION ( 'NONE',  ( -1.000000000000000000, -0.000000000000000000, 0.000000000000000000 ) ) ;
#1886 = CARTESIAN_POINT ( 'NONE',  ( 5.079999999999998295, 4.634999999999998899, 1.529999999999917204 ) ) ;
#1887 = LINE ( 'NONE', #203, #114 ) ;
#1888 = EDGE_LOOP ( 'NONE', ( #558, #1851, #476, #2148 ) ) ;
#1889 = SURFACE_SIDE_STYLE ('',( #2357 ) ) ;
#1890 = EDGE_LOOP ( 'NONE', ( #2469, #1148, #444, #52 ) ) ;
#1891 =( LENGTH_UNIT ( ) NAMED_UNIT ( * ) SI_UNIT ( .MILLI., .METRE. ) );
#1892 = CARTESIAN_POINT ( 'NONE',  ( 3.810000000000000053, -9.054999999999999716, 1.524999999999994138 ) ) ;
#1893 = ORIENTED_EDGE ( 'NONE', *, *, #1146, .T. ) ;
#1894 = UNCERTAINTY_MEASURE_WITH_UNIT (LENGTH_MEASURE( 1.000000000000000082E-05 ), #2084, 'distance_accuracy_value', 'NONE');
#1895 = DIRECTION ( 'NONE',  ( 0.000000000000000000, 0.000000000000000000, -1.000000000000000000 ) ) ;
#1896 = PRODUCT_DEFINITION_SHAPE ( 'NONE', 'NONE',  #525 ) ;
#1897 = ORIENTED_EDGE ( 'NONE', *, *, #2275, .F. ) ;
#1898 = ADVANCED_FACE ( 'NONE', ( #786 ), #1768, .F. ) ;
#1899 = MECHANICAL_DESIGN_GEOMETRIC_PRESENTATION_REPRESENTATION (  '', ( #61 ), #1839 ) ;
#1900 = LINE ( 'NONE', #2101, #2949 ) ;
#1901 = EDGE_CURVE ( 'NONE', #510, #434, #73, .T. ) ;
#1902 = AXIS2_PLACEMENT_3D ( 'NONE', #1678, #2438, #2164 ) ;
#1903 = MECHANICAL_DESIGN_GEOMETRIC_PRESENTATION_REPRESENTATION (  '', ( #2931 ), #1125 ) ;
#1904 = PRESENTATION_STYLE_ASSIGNMENT (( #1645 ) ) ;
#1905 = DIRECTION ( 'NONE',  ( -1.000000000000000000, 0.000000000000000000, 0.000000000000000000 ) ) ;
#1906 = PLANE ( 'NONE',  #2772 ) ;
#1907 = VERTEX_POINT ( 'NONE', #1111 ) ;
#1908 = DIRECTION ( 'NONE',  ( 0.000000000000000000, -0.000000000000000000, 1.000000000000000000 ) ) ;
#1909 = ORIENTED_EDGE ( 'NONE', *, *, #215, .T. ) ;
#1910 = DIRECTION ( 'NONE',  ( -0.000000000000000000, 0.000000000000000000, 1.000000000000000000 ) ) ;
#1911 = ORIENTED_EDGE ( 'NONE', *, *, #1625, .T. ) ;
#1912 = CARTESIAN_POINT ( 'NONE',  ( -0.4999999999999998890, -4.634999999999999787, 2.524999999999994138 ) ) ;
#1913 = CARTESIAN_POINT ( 'NONE',  ( 5.079999999999998295, 4.484999999999998543, 0.1499999999999999667 ) ) ;
#1914 = EDGE_LOOP ( 'NONE', ( #287, #680, #2796, #2996 ) ) ;
#1915 =( GEOMETRIC_REPRESENTATION_CONTEXT ( 3 ) GLOBAL_UNCERTAINTY_ASSIGNED_CONTEXT ( ( #131 ) ) GLOBAL_UNIT_ASSIGNED_CONTEXT ( ( #1367, #2854, #125 ) ) REPRESENTATION_CONTEXT ( 'NONE', 'WORKASPACE' ) );
#1916 = CARTESIAN_POINT ( 'NONE',  ( -5.080000000000000071, -4.240148535376294880, 0.000000000000000000 ) ) ;
#1917 = VECTOR ( 'NONE', #1740, 1000.000000000000000 ) ;
#1918 = VERTEX_POINT ( 'NONE', #2548 ) ;
#1919 = CARTESIAN_POINT ( 'NONE',  ( -1.349999999999999645, -8.554999999999999716, 1.524999999999993916 ) ) ;
#1920 = FILL_AREA_STYLE ('',( #1612 ) ) ;
#1921 =( LENGTH_UNIT ( ) NAMED_UNIT ( * ) SI_UNIT ( .MILLI., .METRE. ) );
#1922 = MECHANICAL_DESIGN_GEOMETRIC_PRESENTATION_REPRESENTATION (  '', ( #1095 ), #681 ) ;
#1923 = EDGE_CURVE ( 'NONE', #2323, #2535, #1441, .T. ) ;
#1924 = SURFACE_SIDE_STYLE ('',( #2856 ) ) ;
#1925 = DIRECTION ( 'NONE',  ( 1.000000000000000000, -0.000000000000000000, -0.000000000000000000 ) ) ;
#1926 = AXIS2_PLACEMENT_3D ( 'NONE', #65, #1333, #538 ) ;
#1927 = ORIENTED_EDGE ( 'NONE', *, *, #3126, .T. ) ;
#1928 = DIRECTION ( 'NONE',  ( -1.000000000000000000, -8.537024980200820092E-17, 0.000000000000000000 ) ) ;
#1929 = ORIENTED_EDGE ( 'NONE', *, *, #1146, .F. ) ;
#1930 = UNCERTAINTY_MEASURE_WITH_UNIT (LENGTH_MEASURE( 1.000000000000000082E-05 ), #1272, 'distance_accuracy_value', 'NONE');
#1931 = LINE ( 'NONE', #1154, #990 ) ;
#1932 = DIRECTION ( 'NONE',  ( 0.000000000000000000, 0.000000000000000000, -1.000000000000000000 ) ) ;
#1933 = PLANE ( 'NONE',  #521 ) ;
#1934 = ORIENTED_EDGE ( 'NONE', *, *, #2088, .T. ) ;
#1935 = SURFACE_STYLE_USAGE ( .BOTH. , #2255 ) ;
#1936 = FACE_OUTER_BOUND ( 'NONE', #648, .T. ) ;
#1937 = SURFACE_STYLE_USAGE ( .BOTH. , #1399 ) ;
#1938 = FILL_AREA_STYLE ('',( #1972 ) ) ;
#1939 = EDGE_CURVE ( 'NONE', #289, #1106, #362, .T. ) ;
#1940 = CARTESIAN_POINT ( 'NONE',  ( -5.017867965644036587, -4.635000000000002451, 2.000000000000077716 ) ) ;
#1941 = EDGE_LOOP ( 'NONE', ( #965, #3118, #1756, #263 ) ) ;
#1942 = CARTESIAN_POINT ( 'NONE',  ( 4.099999999999998757, -2.375000000000002220, -0.000000000000000000 ) ) ;
#1943 = VERTEX_POINT ( 'NONE', #2287 ) ;
#1944 = DIRECTION ( 'NONE',  ( 0.000000000000000000, -1.000000000000000000, 0.000000000000000000 ) ) ;
#1945 = ADVANCED_FACE ( 'NONE', ( #2791 ), #1580, .T. ) ;
#1946 = EDGE_LOOP ( 'NONE', ( #2645, #290, #2909, #2452 ) ) ;
#1947 = CARTESIAN_POINT ( 'NONE',  ( 0.000000000000000000, 4.075582913392047146, 4.629999999999999893 ) ) ;
#1948 = DIRECTION ( 'NONE',  ( 0.000000000000000000, -0.9914448613738108262, -0.1305261922200478819 ) ) ;
#1949 = DIRECTION ( 'NONE',  ( 1.000000000000000000, 0.000000000000000000, 0.000000000000000000 ) ) ;
#1950 = CARTESIAN_POINT ( 'NONE',  ( 3.810000000000000053, -7.705000000000000071, 2.524999999999994138 ) ) ;
#1951 = ORIENTED_EDGE ( 'NONE', *, *, #1344, .T. ) ;
#1952 = COLOUR_RGB ( '',0.2862745098039215508, 0.2862745098039215508, 0.2862745098039215508 ) ;
#1953 = DIRECTION ( 'NONE',  ( -1.000000000000000000, -0.000000000000000000, -0.000000000000000000 ) ) ;
#1954 = STYLED_ITEM ( 'NONE', ( #1037 ), #2586 ) ;
#1955 = VECTOR ( 'NONE', #1702, 1000.000000000000000 ) ;
#1956 = EDGE_LOOP ( 'NONE', ( #1336, #835, #59, #1976 ) ) ;
#1957 = VECTOR ( 'NONE', #1426, 1000.000000000000000 ) ;
#1958 = CARTESIAN_POINT ( 'NONE',  ( -1.349999999999999645, -8.054999999999999716, 0.5000000000000000000 ) ) ;
#1959 = ORIENTED_EDGE ( 'NONE', *, *, #2944, .T. ) ;
#1960 = CARTESIAN_POINT ( 'NONE',  ( -0.5000000000000005551, -5.421010862427528333E-17, -0.001000000000000132727 ) ) ;
#1961 = ORIENTED_EDGE ( 'NONE', *, *, #1728, .T. ) ;
#1962 = STYLED_ITEM ( 'NONE', ( #138 ), #3052 ) ;
#1963 = SURFACE_SIDE_STYLE ('',( #2687 ) ) ;
#1964 = EDGE_CURVE ( 'NONE', #1253, #2126, #2078, .T. ) ;
#1965 = PRESENTATION_LAYER_ASSIGNMENT (  '', '', ( #2106 ) ) ;
#1966 = DIRECTION ( 'NONE',  ( 0.000000000000000000, 0.000000000000000000, -1.000000000000000000 ) ) ;
#1967 = CARTESIAN_POINT ( 'NONE',  ( 4.249999999999998224, 4.634999999999998899, 0.000000000000000000 ) ) ;
#1968 = ORIENTED_EDGE ( 'NONE', *, *, #764, .F. ) ;
#1969 = MECHANICAL_DESIGN_GEOMETRIC_PRESENTATION_REPRESENTATION (  '', ( #171 ), #2986 ) ;
#1970 = ORIENTED_EDGE ( 'NONE', *, *, #1072, .T. ) ;
#1971 = DIRECTION ( 'NONE',  ( 0.000000000000000000, 0.000000000000000000, -1.000000000000000000 ) ) ;
#1972 = FILL_AREA_STYLE_COLOUR ( '', #2720 ) ;
#1973 = CARTESIAN_POINT ( 'NONE',  ( 4.929999999999998828, 4.487577366019428915, 1.500591442035546175 ) ) ;
#1974 = CARTESIAN_POINT ( 'NONE',  ( -5.080000000000000071, -4.485000000000000320, 2.009831519422339507 ) ) ;
#1975 = DIRECTION ( 'NONE',  ( 0.000000000000000000, -0.000000000000000000, -1.000000000000000000 ) ) ;
#1976 = ORIENTED_EDGE ( 'NONE', *, *, #1401, .F. ) ;
#1977 = STYLED_ITEM ( 'NONE', ( #1596 ), #1056 ) ;
#1978 =( NAMED_UNIT ( * ) SI_UNIT ( $, .STERADIAN. ) SOLID_ANGLE_UNIT ( ) );
#1979 = VERTEX_POINT ( 'NONE', #2759 ) ;
#1980 = DIRECTION ( 'NONE',  ( 0.000000000000000000, 1.000000000000000000, -0.000000000000000000 ) ) ;
#1981 = CARTESIAN_POINT ( 'NONE',  ( 1.350000000000000089, -7.705000000000000071, 0.000000000000000000 ) ) ;
#1982 = AXIS2_PLACEMENT_3D ( 'NONE', #1639, #1845, #1627 ) ;
#1983 = CARTESIAN_POINT ( 'NONE',  ( -4.930000000000001492, -9.225659909995319815E-16, 4.629999999999999893 ) ) ;
#1984 = PRODUCT_RELATED_PRODUCT_CATEGORY ( 'part', '', ( #2366 ) ) ;
#1985 = DIRECTION ( 'NONE',  ( 1.031345705099171767E-16, 1.000000000000000000, 0.000000000000000000 ) ) ;
#1986 = DIRECTION ( 'NONE',  ( 0.000000000000000000, 0.000000000000000000, -1.000000000000000000 ) ) ;
#1987 =( NAMED_UNIT ( * ) PLANE_ANGLE_UNIT ( ) SI_UNIT ( $, .RADIAN. ) );
#1988 = ADVANCED_FACE ( 'NONE', ( #593 ), #1084, .T. ) ;
#1989 = VERTEX_POINT ( 'NONE', #2064 ) ;
#1990 =( LENGTH_UNIT ( ) NAMED_UNIT ( * ) SI_UNIT ( .MILLI., .METRE. ) );
#1991 = EDGE_CURVE ( 'NONE', #1989, #2283, #877, .T. ) ;
#1992 = PRESENTATION_STYLE_ASSIGNMENT (( #43 ) ) ;
#1993 = EDGE_LOOP ( 'NONE', ( #1412, #2647, #844, #2965 ) ) ;
#1994 = DIRECTION ( 'NONE',  ( 0.000000000000000000, 0.000000000000000000, -1.000000000000000000 ) ) ;
#1995 = SURFACE_STYLE_USAGE ( .BOTH. , #1254 ) ;
#1996 = UNCERTAINTY_MEASURE_WITH_UNIT (LENGTH_MEASURE( 1.000000000000000082E-05 ), #2765, 'distance_accuracy_value', 'NONE');
#1997 = CARTESIAN_POINT ( 'NONE',  ( 0.000000000000000000, 4.075582913392047146, 4.779999999999999361 ) ) ;
#1998 = EDGE_CURVE ( 'NONE', #1529, #2954, #2604, .T. ) ;
#1999 = VERTEX_POINT ( 'NONE', #2388 ) ;
#2000 = ORIENTED_EDGE ( 'NONE', *, *, #2609, .F. ) ;
#2001 = EDGE_CURVE ( 'NONE', #998, #1253, #2976, .T. ) ;
#2002 = CARTESIAN_POINT ( 'NONE',  ( 4.930000000000001492, -4.634999999999999787, 2.000000000000047073 ) ) ;
#2003 = DIRECTION ( 'NONE',  ( 0.000000000000000000, 0.000000000000000000, -1.000000000000000000 ) ) ;
#2004 = CARTESIAN_POINT ( 'NONE',  ( -1.349999999999999645, -8.054999999999999716, 1.524999999999994138 ) ) ;
#2005 =( GEOMETRIC_REPRESENTATION_CONTEXT ( 3 ) GLOBAL_UNCERTAINTY_ASSIGNED_CONTEXT ( ( #2362 ) ) GLOBAL_UNIT_ASSIGNED_CONTEXT ( ( #820, #795, #356 ) ) REPRESENTATION_CONTEXT ( 'NONE', 'WORKASPACE' ) );
#2006 = ORIENTED_EDGE ( 'NONE', *, *, #3012, .T. ) ;
#2007 = LINE ( 'NONE', #264, #2814 ) ;
#2008 = MECHANICAL_DESIGN_GEOMETRIC_PRESENTATION_REPRESENTATION (  '', ( #1754 ), #2715 ) ;
#2009 = VECTOR ( 'NONE', #597, 1000.000000000000000 ) ;
#2010 = COLOUR_RGB ( '',0.2862745098039215508, 0.2862745098039215508, 0.2862745098039215508 ) ;
#2011 = CARTESIAN_POINT ( 'NONE',  ( -0.5000000000000005551, -5.421010862427528333E-17, 2.524999999999994138 ) ) ;
#2012 = VECTOR ( 'NONE', #2717, 1000.000000000000000 ) ;
#2013 = CARTESIAN_POINT ( 'NONE',  ( 3.810000000000000053, -9.054999999999999716, 0.000000000000000000 ) ) ;
#2014 = PRODUCT_DEFINITION_FORMATION_WITH_SPECIFIED_SOURCE ( 'ANY', '', #2366, .NOT_KNOWN. ) ;
#2015 = VERTEX_POINT ( 'NONE', #157 ) ;
#2016 = SURFACE_SIDE_STYLE ('',( #2055 ) ) ;
#2017 = DIRECTION ( 'NONE',  ( 0.000000000000000000, -1.000000000000000000, 0.000000000000000000 ) ) ;
#2018 = LINE ( 'NONE', #2031, #1228 ) ;
#2019 = VECTOR ( 'NONE', #1459, 1000.000000000000000 ) ;
#2020 = SURFACE_SIDE_STYLE ('',( #1732 ) ) ;
#2021 = ADVANCED_FACE ( 'NONE', ( #2351 ), #1417, .T. ) ;
#2022 = CIRCLE ( 'NONE', #1395, 0.1499999999999999667 ) ;
#2023 = DIRECTION ( 'NONE',  ( 0.000000000000000000, 0.000000000000000000, -1.000000000000000000 ) ) ;
#2024 = VERTEX_POINT ( 'NONE', #2840 ) ;
#2025 = DIRECTION ( 'NONE',  ( 0.000000000000000000, 0.000000000000000000, -1.000000000000000000 ) ) ;
#2026 = EDGE_CURVE ( 'NONE', #1300, #2015, #640, .T. ) ;
#2027 = COLOUR_RGB ( '',0.2862745098039215508, 0.2862745098039215508, 0.2862745098039215508 ) ;
#2028 = VERTEX_POINT ( 'NONE', #410 ) ;
#2029 = ORIENTED_EDGE ( 'NONE', *, *, #303, .F. ) ;
#2030 =( NAMED_UNIT ( * ) SI_UNIT ( $, .STERADIAN. ) SOLID_ANGLE_UNIT ( ) );
#2031 = CARTESIAN_POINT ( 'NONE',  ( -4.930000000000000604, -4.634999999999999787, 1.520000000000000018 ) ) ;
#2032 = DIRECTION ( 'NONE',  ( 1.000000000000000000, 0.000000000000000000, -0.000000000000000000 ) ) ;
#2033 = EDGE_CURVE ( 'NONE', #2140, #740, #923, .T. ) ;
#2034 = LINE ( 'NONE', #2061, #1721 ) ;
#2035 = ORIENTED_EDGE ( 'NONE', *, *, #2998, .F. ) ;
#2036 = EDGE_CURVE ( 'NONE', #1020, #2077, #2869, .T. ) ;
#2037 = DIRECTION ( 'NONE',  ( 0.000000000000000000, 0.000000000000000000, -1.000000000000000000 ) ) ;
#2038 = DIRECTION ( 'NONE',  ( 0.000000000000000000, 0.000000000000000000, -1.000000000000000000 ) ) ;
#2039 = CARTESIAN_POINT ( 'NONE',  ( -1.350000000000000089, -7.705000000000000071, 2.524999999999994138 ) ) ;
#2040 = ORIENTED_EDGE ( 'NONE', *, *, #1576, .F. ) ;
#2041 = ORIENTED_EDGE ( 'NONE', *, *, #429, .T. ) ;
#2042 = FACE_OUTER_BOUND ( 'NONE', #1274, .T. ) ;
#2043 =( NAMED_UNIT ( * ) SI_UNIT ( $, .STERADIAN. ) SOLID_ANGLE_UNIT ( ) );
#2044 = DIRECTION ( 'NONE',  ( 0.000000000000000000, -1.000000000000000000, 0.000000000000000000 ) ) ;
#2045 = VERTEX_POINT ( 'NONE', #1433 ) ;
#2046 = CARTESIAN_POINT ( 'NONE',  ( -0.5999999999999999778, -1.841414930380106174, 4.679999999999998828 ) ) ;
#2047 = EDGE_CURVE ( 'NONE', #1579, #2024, #1887, .T. ) ;
#2048 = VECTOR ( 'NONE', #201, 1000.000000000000114 ) ;
#2049 = FILL_AREA_STYLE ('',( #1313 ) ) ;
#2050 = DIRECTION ( 'NONE',  ( 0.000000000000000000, 0.000000000000000000, 1.000000000000000000 ) ) ;
#2051 =( GEOMETRIC_REPRESENTATION_CONTEXT ( 3 ) GLOBAL_UNCERTAINTY_ASSIGNED_CONTEXT ( ( #163 ) ) GLOBAL_UNIT_ASSIGNED_CONTEXT ( ( #1277, #1716, #450 ) ) REPRESENTATION_CONTEXT ( 'NONE', 'WORKASPACE' ) );
#2052 = EDGE_CURVE ( 'NONE', #2167, #1943, #698, .T. ) ;
#2053 = VECTOR ( 'NONE', #174, 1000.000000000000000 ) ;
#2054 = ORIENTED_EDGE ( 'NONE', *, *, #2550, .F. ) ;
#2055 = SURFACE_STYLE_FILL_AREA ( #1269 ) ;
#2056 = VECTOR ( 'NONE', #884, 1000.000000000000000 ) ;
#2057 =( BOUNDED_CURVE ( )  B_SPLINE_CURVE ( 3, ( #1826, #2794, #1390, #369 ),
 .UNSPECIFIED., .F., .F. ) 
 B_SPLINE_CURVE_WITH_KNOTS ( ( 4, 4 ),
 ( 4.712388980384687009, 6.283185307179580903 ),
 .UNSPECIFIED. ) 
 CURVE ( )  GEOMETRIC_REPRESENTATION_ITEM ( )  RATIONAL_B_SPLINE_CURVE ( ( 1.000000000000000000, 0.8047378541243643824, 0.8047378541243643824, 1.000000000000000000 ) ) 
 REPRESENTATION_ITEM ( '' )  );
#2058 = CARTESIAN_POINT ( 'NONE',  ( 3.810000000000000053, -8.554999999999999716, 0.000000000000000000 ) ) ;
#2059 = SURFACE_SIDE_STYLE ('',( #1321 ) ) ;
#2060 = VECTOR ( 'NONE', #1690, 1000.000000000000000 ) ;
#2061 = CARTESIAN_POINT ( 'NONE',  ( -4.930000000000000604, -4.371695004825207675, -1.579510906584834809E-16 ) ) ;
#2062 = AXIS2_PLACEMENT_3D ( 'NONE', #1983, #2391, #2939 ) ;
#2063 = ORIENTED_EDGE ( 'NONE', *, *, #2052, .T. ) ;
#2064 = CARTESIAN_POINT ( 'NONE',  ( 0.5999999999999999778, -1.841414930380106174, 4.629999999999999893 ) ) ;
#2065 = VECTOR ( 'NONE', #883, 1000.000000000000000 ) ;
#2066 = LINE ( 'NONE', #2552, #2713 ) ;
#2067 = CARTESIAN_POINT ( 'NONE',  ( -5.080000000000001847, 4.484999999999998543, 1.520000000000000018 ) ) ;
#2068 = CIRCLE ( 'NONE', #2119, 1.000000000000000000 ) ;
#2069 = VERTEX_POINT ( 'NONE', #1665 ) ;
#2070 = EDGE_CURVE ( 'NONE', #1999, #1117, #1178, .T. ) ;
#2071 = PRESENTATION_LAYER_ASSIGNMENT (  '', '', ( #2176 ) ) ;
#2072 = CARTESIAN_POINT ( 'NONE',  ( 4.930000000000001492, -4.634999999999999787, 1.520000000000000018 ) ) ;
#2073 = EDGE_CURVE ( 'NONE', #1632, #2622, #653, .T. ) ;
#2074 = DIRECTION ( 'NONE',  ( -0.000000000000000000, -0.000000000000000000, 1.000000000000000000 ) ) ;
#2075 = PRESENTATION_STYLE_ASSIGNMENT (( #1082 ) ) ;
#2076 = SURFACE_STYLE_USAGE ( .BOTH. , #2776 ) ;
#2077 = VERTEX_POINT ( 'NONE', #1400 ) ;
#2078 = LINE ( 'NONE', #3056, #2406 ) ;
#2079 = CARTESIAN_POINT ( 'NONE',  ( -4.400000000000002132, 4.484999999999998543, 0.000000000000000000 ) ) ;
#2080 = LINE ( 'NONE', #846, #2499 ) ;
#2081 = CARTESIAN_POINT ( 'NONE',  ( 4.929999999999999716, 4.634999999999998899, 1.520000000000000018 ) ) ;
#2082 = LINE ( 'NONE', #833, #2056 ) ;
#2083 = EDGE_LOOP ( 'NONE', ( #1466, #2232 ) ) ;
#2084 =( LENGTH_UNIT ( ) NAMED_UNIT ( * ) SI_UNIT ( .MILLI., .METRE. ) );
#2085 = EDGE_CURVE ( 'NONE', #1733, #762, #3078, .T. ) ;
#2086 = SURFACE_SIDE_STYLE ('',( #694 ) ) ;
#2087 = CARTESIAN_POINT ( 'NONE',  ( 1.350000000000000089, -6.554999999999999716, 0.5000000000000000000 ) ) ;
#2088 = EDGE_CURVE ( 'NONE', #762, #572, #2156, .T. ) ;
#2089 = ORIENTED_EDGE ( 'NONE', *, *, #2458, .F. ) ;
#2090 = CARTESIAN_POINT ( 'NONE',  ( -4.930000000000000604, -4.266232904819156957, 0.3481304564734747919 ) ) ;
#2091 = DIRECTION ( 'NONE',  ( 0.000000000000000000, -0.000000000000000000, -1.000000000000000000 ) ) ;
#2092 = CARTESIAN_POINT ( 'NONE',  ( 5.080000000000000071, -4.209868460931194711, 4.629999999999999893 ) ) ;
#2093 = DIRECTION ( 'NONE',  ( 1.224646799147353207E-16, 1.000000000000000000, -0.000000000000000000 ) ) ;
#2094 = CARTESIAN_POINT ( 'NONE',  ( 3.810000000000000053, -4.634999999999999787, 2.524999999999994138 ) ) ;
#2095 = AXIS2_PLACEMENT_3D ( 'NONE', #3099, #3063, #389 ) ;
#2096 = VECTOR ( 'NONE', #712, 1000.000000000000000 ) ;
#2097 = CARTESIAN_POINT ( 'NONE',  ( 0.000000000000000000, 0.000000000000000000, 1.529999999999917204 ) ) ;
#2098 = CARTESIAN_POINT ( 'NONE',  ( 5.080000000000000071, -4.485000000000001208, 2.540168480577663424 ) ) ;
#2099 = CARTESIAN_POINT ( 'NONE',  ( -5.080000000000000071, 6.034999999999998366, 1.529999999999917204 ) ) ;
#2100 =( GEOMETRIC_REPRESENTATION_CONTEXT ( 3 ) GLOBAL_UNCERTAINTY_ASSIGNED_CONTEXT ( ( #933 ) ) GLOBAL_UNIT_ASSIGNED_CONTEXT ( ( #3102, #223, #2626 ) ) REPRESENTATION_CONTEXT ( 'NONE', 'WORKASPACE' ) );
#2101 = CARTESIAN_POINT ( 'NONE',  ( -0.000000000000000000, -7.705000000000000071, 2.524999999999994138 ) ) ;
#2102 = PRESENTATION_LAYER_ASSIGNMENT (  '', '', ( #2158 ) ) ;
#2103 = CARTESIAN_POINT ( 'NONE',  ( -2.309999999999999609, -6.635000000000000675, 2.524999999999994138 ) ) ;
#2104 =( GEOMETRIC_REPRESENTATION_CONTEXT ( 3 ) GLOBAL_UNCERTAINTY_ASSIGNED_CONTEXT ( ( #2392 ) ) GLOBAL_UNIT_ASSIGNED_CONTEXT ( ( #1304, #589, #1334 ) ) REPRESENTATION_CONTEXT ( 'NONE', 'WORKASPACE' ) );
#2105 = DIRECTION ( 'NONE',  ( -2.264268498739783940E-15, -0.1305261922200478819, -0.9914448613738109373 ) ) ;
#2106 = STYLED_ITEM ( 'NONE', ( #2271 ), #3090 ) ;
#2107 = LINE ( 'NONE', #1886, #744 ) ;
#2108 = CARTESIAN_POINT ( 'NONE',  ( -4.930000000000002380, 4.075582913392048034, 4.629999999999999893 ) ) ;
#2109 = ADVANCED_FACE ( 'NONE', ( #1481 ), #1764, .F. ) ;
#2110 = AXIS2_PLACEMENT_3D ( 'NONE', #2843, #1859, #1928 ) ;
#2111 = ORIENTED_EDGE ( 'NONE', *, *, #2944, .F. ) ;
#2112 = VECTOR ( 'NONE', #2113, 1000.000000000000000 ) ;
#2113 = DIRECTION ( 'NONE',  ( 0.000000000000000000, 0.000000000000000000, -1.000000000000000000 ) ) ;
#2114 = UNCERTAINTY_MEASURE_WITH_UNIT (LENGTH_MEASURE( 1.000000000000000082E-05 ), #1891, 'distance_accuracy_value', 'NONE');
#2115 = DIRECTION ( 'NONE',  ( 0.000000000000000000, 1.000000000000000000, 0.000000000000000000 ) ) ;
#2116 = TOROIDAL_SURFACE ( 'NONE', #2774, 0.4999999999999998890, 0.1000000000000000056 ) ;
#2117 =( GEOMETRIC_REPRESENTATION_CONTEXT ( 3 ) GLOBAL_UNCERTAINTY_ASSIGNED_CONTEXT ( ( #1218 ) ) GLOBAL_UNIT_ASSIGNED_CONTEXT ( ( #207, #177, #656 ) ) REPRESENTATION_CONTEXT ( 'NONE', 'WORKASPACE' ) );
#2118 = LINE ( 'NONE', #1172, #1609 ) ;
#2119 = AXIS2_PLACEMENT_3D ( 'NONE', #296, #2977, #1273 ) ;
#2120 = EDGE_LOOP ( 'NONE', ( #276, #385, #2758, #3033, #199, #2736 ) ) ;
#2121 = LINE ( 'NONE', #2818, #2732 ) ;
#2122 = CARTESIAN_POINT ( 'NONE',  ( -4.930000000000000604, -4.358585190137264753, 4.649578928833006941 ) ) ;
#2123 = CARTESIAN_POINT ( 'NONE',  ( -4.930000000000000604, -4.634999999999999787, 2.549999999999941203 ) ) ;
#2124 = CARTESIAN_POINT ( 'NONE',  ( -1.349999999999999645, -6.554999999999999716, 0.5000000000000000000 ) ) ;
#2125 = DIRECTION ( 'NONE',  ( 1.000000000000000000, 0.000000000000000000, 0.000000000000000000 ) ) ;
#2126 = VERTEX_POINT ( 'NONE', #28 ) ;
#2127 = ADVANCED_FACE ( 'NONE', ( #2189 ), #2712, .F. ) ;
#2128 = ORIENTED_EDGE ( 'NONE', *, *, #1565, .T. ) ;
#2129 = PLANE ( 'NONE',  #2562 ) ;
#2130 = EDGE_CURVE ( 'NONE', #2209, #1475, #274, .T. ) ;
#2131 = DIRECTION ( 'NONE',  ( -1.000000000000000000, -0.000000000000000000, -0.000000000000000000 ) ) ;
#2132 = DIRECTION ( 'NONE',  ( 0.000000000000000000, -1.000000000000000000, -0.000000000000000000 ) ) ;
#2133 = ORIENTED_EDGE ( 'NONE', *, *, #1708, .T. ) ;
#2134 = CARTESIAN_POINT ( 'NONE',  ( 4.399999999999998579, 4.484999999999998543, 0.000000000000000000 ) ) ;
#2135 = LINE ( 'NONE', #1398, #3021 ) ;
#2136 = PRESENTATION_STYLE_ASSIGNMENT (( #1937 ) ) ;
#2137 = LINE ( 'NONE', #155, #1299 ) ;
#2138 = CARTESIAN_POINT ( 'NONE',  ( -4.930000000000000604, -4.240148535376293992, 0.1499999999999999667 ) ) ;
#2139 = ORIENTED_EDGE ( 'NONE', *, *, #2870, .F. ) ;
#2140 = VERTEX_POINT ( 'NONE', #54 ) ;
#2141 = SURFACE_STYLE_FILL_AREA ( #3105 ) ;
#2142 =( LENGTH_UNIT ( ) NAMED_UNIT ( * ) SI_UNIT ( .MILLI., .METRE. ) );
#2143 = UNCERTAINTY_MEASURE_WITH_UNIT (LENGTH_MEASURE( 1.000000000000000082E-05 ), #561, 'distance_accuracy_value', 'NONE');
#2144 = EDGE_CURVE ( 'NONE', #3148, #1799, #2235, .T. ) ;
#2145 = CARTESIAN_POINT ( 'NONE',  ( -4.400000000000002132, 4.634999999999998899, 0.000000000000000000 ) ) ;
#2146 = ORIENTED_EDGE ( 'NONE', *, *, #2940, .F. ) ;
#2147 = ADVANCED_FACE ( 'NONE', ( #2443 ), #259, .T. ) ;
#2148 = ORIENTED_EDGE ( 'NONE', *, *, #962, .F. ) ;
#2149 = FILL_AREA_STYLE_COLOUR ( '', #3046 ) ;
#2150 = SURFACE_STYLE_USAGE ( .BOTH. , #2086 ) ;
#2151 = AXIS2_PLACEMENT_3D ( 'NONE', #728, #488, #2419 ) ;
#2152 = SURFACE_STYLE_USAGE ( .BOTH. , #2059 ) ;
#2153 = STYLED_ITEM ( 'NONE', ( #480 ), #1783 ) ;
#2154 = CIRCLE ( 'NONE', #2252, 0.1000000000000002554 ) ;
#2155 = VECTOR ( 'NONE', #2447, 1000.000000000000000 ) ;
#2156 = LINE ( 'NONE', #452, #1177 ) ;
#2157 = EDGE_LOOP ( 'NONE', ( #2703, #924, #2188, #1587 ) ) ;
#2158 = STYLED_ITEM ( 'NONE', ( #1057 ), #3032 ) ;
#2159 = CARTESIAN_POINT ( 'NONE',  ( 3.810000000000000053, -8.054999999999999716, 1.524999999999993916 ) ) ;
#2160 = EDGE_LOOP ( 'NONE', ( #1722, #754, #1968, #1249, #1076, #2128, #2700, #3142 ) ) ;
#2161 = FILL_AREA_STYLE ('',( #3158 ) ) ;
#2162 = CARTESIAN_POINT ( 'NONE',  ( -4.930000000000002380, 4.487577366019428915, 1.500591442035546175 ) ) ;
#2163 = DIRECTION ( 'NONE',  ( 2.442576589794814878E-17, -0.1305261922200484648, 0.9914448613738108262 ) ) ;
#2164 = DIRECTION ( 'NONE',  ( 0.000000000000000000, 0.000000000000000000, 1.000000000000000000 ) ) ;
#2165 = COLOUR_RGB ( '',0.2862745098039215508, 0.2862745098039215508, 0.2862745098039215508 ) ;
#2166 = EDGE_CURVE ( 'NONE', #1475, #1300, #2599, .T. ) ;
#2167 = VERTEX_POINT ( 'NONE', #2970 ) ;
#2168 = DIRECTION ( 'NONE',  ( -0.000000000000000000, -0.000000000000000000, 1.000000000000000000 ) ) ;
#2169 = DIRECTION ( 'NONE',  ( 0.000000000000000000, 0.9914448613738108262, -0.1305261922200478819 ) ) ;
#2170 = DIRECTION ( 'NONE',  ( -0.000000000000000000, -0.000000000000000000, 1.000000000000000000 ) ) ;
#2171 = STYLED_ITEM ( 'NONE', ( #2333 ), #911 ) ;
#2172 = ADVANCED_FACE ( 'NONE', ( #1731 ), #1515, .F. ) ;
#2173 = STYLED_ITEM ( 'NONE', ( #1904 ), #1173 ) ;
#2174 = FILL_AREA_STYLE_COLOUR ( '', #1383 ) ;
#2175 = ORIENTED_EDGE ( 'NONE', *, *, #2992, .F. ) ;
#2176 = STYLED_ITEM ( 'NONE', ( #1397 ), #1307 ) ;
#2177 = EDGE_LOOP ( 'NONE', ( #2006, #2984, #2705, #2790 ) ) ;
#2178 = ORIENTED_EDGE ( 'NONE', *, *, #2353, .F. ) ;
#2179 = SURFACE_SIDE_STYLE ('',( #1440 ) ) ;
#2180 = UNCERTAINTY_MEASURE_WITH_UNIT (LENGTH_MEASURE( 1.000000000000000082E-05 ), #530, 'distance_accuracy_value', 'NONE');
#2181 = DIRECTION ( 'NONE',  ( 0.000000000000000000, -2.312964634635743213E-14, -1.000000000000000000 ) ) ;
#2182 = DIRECTION ( 'NONE',  ( 1.000000000000000000, 0.000000000000000000, 0.000000000000000000 ) ) ;
#2183 = LINE ( 'NONE', #4, #363 ) ;
#2184 = EDGE_LOOP ( 'NONE', ( #393, #185, #2938, #599 ) ) ;
#2185 = LINE ( 'NONE', #2011, #2096 ) ;
#2186 = LINE ( 'NONE', #2911, #2654 ) ;
#2187 = EDGE_CURVE ( 'NONE', #2470, #3041, #539, .T. ) ;
#2188 = ORIENTED_EDGE ( 'NONE', *, *, #2214, .T. ) ;
#2189 = FACE_OUTER_BOUND ( 'NONE', #2157, .T. ) ;
#2190 = EDGE_CURVE ( 'NONE', #2622, #2069, #2697, .T. ) ;
#2191 = ORIENTED_EDGE ( 'NONE', *, *, #2899, .T. ) ;
#2192 = DIRECTION ( 'NONE',  ( -1.000000000000000000, 0.000000000000000000, 0.000000000000000000 ) ) ;
#2193 = ORIENTED_EDGE ( 'NONE', *, *, #2349, .F. ) ;
#2194 = SURFACE_SIDE_STYLE ('',( #1736 ) ) ;
#2195 = VERTEX_POINT ( 'NONE', #2950 ) ;
#2196 = CARTESIAN_POINT ( 'NONE',  ( 5.080000000000000071, -4.572867965644036303, 2.545927651316498341 ) ) ;
#2197 = PRESENTATION_STYLE_ASSIGNMENT (( #1755 ) ) ;
#2198 = LINE ( 'NONE', #691, #834 ) ;
#2199 = ORIENTED_EDGE ( 'NONE', *, *, #2374, .T. ) ;
#2200 = DIRECTION ( 'NONE',  ( 0.000000000000000000, 0.000000000000000000, 1.000000000000000000 ) ) ;
#2201 = VERTEX_POINT ( 'NONE', #765 ) ;
#2202 = CARTESIAN_POINT ( 'NONE',  ( -1.350000000000000089, -9.054999999999999716, 1.524999999999994138 ) ) ;
#2203 = PRESENTATION_LAYER_ASSIGNMENT (  '', '', ( #1840 ) ) ;
#2204 = CARTESIAN_POINT ( 'NONE',  ( 5.080000000000000071, -4.485000000000001208, 1.520000000000000018 ) ) ;
#2205 = PRESENTATION_LAYER_ASSIGNMENT (  '', '', ( #2153 ) ) ;
#2206 = CARTESIAN_POINT ( 'NONE',  ( 4.930000000000000604, -4.209868460931192047, 4.629999999999999893 ) ) ;
#2207 = ORIENTED_EDGE ( 'NONE', *, *, #1322, .T. ) ;
#2208 = EDGE_CURVE ( 'NONE', #226, #3050, #1747, .T. ) ;
#2209 = VERTEX_POINT ( 'NONE', #1593 ) ;
#2210 = CARTESIAN_POINT ( 'NONE',  ( 3.810000000000000053, 0.000000000000000000, 2.524999999999994138 ) ) ;
#2211 = AXIS2_PLACEMENT_3D ( 'NONE', #1306, #1577, #1820 ) ;
#2212 = SURFACE_STYLE_USAGE ( .BOTH. , #1963 ) ;
#2213 = UNCERTAINTY_MEASURE_WITH_UNIT (LENGTH_MEASURE( 1.000000000000000082E-05 ), #3133, 'distance_accuracy_value', 'NONE');
#2214 = EDGE_CURVE ( 'NONE', #226, #1799, #1574, .T. ) ;
#2215 = CARTESIAN_POINT ( 'NONE',  ( 1.350000000000000089, 0.000000000000000000, 0.000000000000000000 ) ) ;
#2216 = ORIENTED_EDGE ( 'NONE', *, *, #874, .T. ) ;
#2217 = VERTEX_POINT ( 'NONE', #1819 ) ;
#2218 = CARTESIAN_POINT ( 'NONE',  ( 0.4999999999999994449, 5.421010862427516007E-17, -0.001000000000000132727 ) ) ;
#2219 = DIRECTION ( 'NONE',  ( 1.000000000000000000, 0.000000000000000000, -0.000000000000000000 ) ) ;
#2220 = AXIS2_PLACEMENT_3D ( 'NONE', #2079, #2091, #1312 ) ;
#2221 = CARTESIAN_POINT ( 'NONE',  ( 3.810000000000000053, -6.554999999999999716, 0.000000000000000000 ) ) ;
#2222 = FACE_OUTER_BOUND ( 'NONE', #112, .T. ) ;
#2223 = ORIENTED_EDGE ( 'NONE', *, *, #1060, .F. ) ;
#2224 = COLOUR_RGB ( '',0.2862745098039215508, 0.2862745098039215508, 0.2862745098039215508 ) ;
#2225 = EDGE_LOOP ( 'NONE', ( #2483, #1838, #1743, #36 ) ) ;
#2226 = DIRECTION ( 'NONE',  ( -1.000000000000000000, -0.000000000000000000, -0.000000000000000000 ) ) ;
#2227 = VECTOR ( 'NONE', #1349, 1000.000000000000000 ) ;
#2228 = ORIENTED_EDGE ( 'NONE', *, *, #195, .F. ) ;
#2229 = CYLINDRICAL_SURFACE ( 'NONE', #1902, 1.000000000000000000 ) ;
#2230 = EDGE_CURVE ( 'NONE', #2283, #463, #347, .T. ) ;
#2231 = ORIENTED_EDGE ( 'NONE', *, *, #717, .T. ) ;
#2232 = ORIENTED_EDGE ( 'NONE', *, *, #3065, .T. ) ;
#2233 = DIRECTION ( 'NONE',  ( 0.000000000000000000, -1.000000000000000000, 0.000000000000000000 ) ) ;
#2234 = LINE ( 'NONE', #222, #2427 ) ;
#2235 = LINE ( 'NONE', #1041, #652 ) ;
#2236 = VERTEX_POINT ( 'NONE', #376 ) ;
#2237 = CARTESIAN_POINT ( 'NONE',  ( -3.810000000000000053, 0.000000000000000000, 0.000000000000000000 ) ) ;
#2238 = CYLINDRICAL_SURFACE ( 'NONE', #122, 0.1499999999999999667 ) ;
#2239 =( NAMED_UNIT ( * ) SI_UNIT ( $, .STERADIAN. ) SOLID_ANGLE_UNIT ( ) );
#2240 = ORIENTED_EDGE ( 'NONE', *, *, #257, .T. ) ;
#2241 = CARTESIAN_POINT ( 'NONE',  ( -4.250000000000001776, 0.000000000000000000, 1.529999999999917204 ) ) ;
#2242 = ORIENTED_EDGE ( 'NONE', *, *, #426, .F. ) ;
#2243 = ADVANCED_FACE ( 'NONE', ( #1319 ), #2560, .T. ) ;
#2244 = DIRECTION ( 'NONE',  ( -0.000000000000000000, 0.000000000000000000, 1.000000000000000000 ) ) ;
#2245 = LINE ( 'NONE', #1526, #2268 ) ;
#2246 = ADVANCED_FACE ( 'NONE', ( #1351 ), #2395, .T. ) ;
#2247 =( NAMED_UNIT ( * ) SI_UNIT ( $, .STERADIAN. ) SOLID_ANGLE_UNIT ( ) );
#2248 = PRESENTATION_LAYER_ASSIGNMENT (  '', '', ( #322 ) ) ;
#2249 = AXIS2_PLACEMENT_3D ( 'NONE', #2218, #1450, #1211 ) ;
#2250 = ORIENTED_EDGE ( 'NONE', *, *, #2533, .T. ) ;
#2251 = LINE ( 'NONE', #1231, #2012 ) ;
#2252 = AXIS2_PLACEMENT_3D ( 'NONE', #330, #2482, #1522 ) ;
#2253 = VECTOR ( 'NONE', #1327, 1000.000000000000000 ) ;
#2254 = PRESENTATION_LAYER_ASSIGNMENT (  '', '', ( #1846 ) ) ;
#2255 = SURFACE_SIDE_STYLE ('',( #2638 ) ) ;
#2256 = CYLINDRICAL_SURFACE ( 'NONE', #562, 1.000000000000000000 ) ;
#2257 = AXIS2_PLACEMENT_3D ( 'NONE', #2162, #1, #1948 ) ;
#2258 = PRESENTATION_LAYER_ASSIGNMENT (  '', '', ( #991 ) ) ;
#2259 = EDGE_CURVE ( 'NONE', #2444, #2332, #124, .T. ) ;
#2260 = CARTESIAN_POINT ( 'NONE',  ( 5.079999999999998295, 4.484999999999998543, 1.520168480577632764 ) ) ;
#2261 = DIRECTION ( 'NONE',  ( -1.000000000000000000, 0.000000000000000000, 0.000000000000000000 ) ) ;
#2262 = EDGE_CURVE ( 'NONE', #1558, #1069, #603, .T. ) ;
#2263 = AXIS2_PLACEMENT_3D ( 'NONE', #647, #2132, #1411 ) ;
#2264 = ORIENTED_EDGE ( 'NONE', *, *, #699, .T. ) ;
#2265 = DIRECTION ( 'NONE',  ( 2.442576589794817959E-17, -0.1305261922200486313, 0.9914448613738109373 ) ) ;
#2266 = PRESENTATION_LAYER_ASSIGNMENT (  '', '', ( #2475 ) ) ;
#2267 = SURFACE_SIDE_STYLE ('',( #3057 ) ) ;
#2268 = VECTOR ( 'NONE', #2495, 1000.000000000000000 ) ;
#2269 = CARTESIAN_POINT ( 'NONE',  ( -1.350000000000000089, -9.054999999999999716, 0.000000000000000000 ) ) ;
#2270 = DIRECTION ( 'NONE',  ( 1.000000000000000000, 0.000000000000000000, 0.000000000000000000 ) ) ;
#2271 = PRESENTATION_STYLE_ASSIGNMENT (( #2426 ) ) ;
#2272 = ORIENTED_EDGE ( 'NONE', *, *, #1728, .F. ) ;
#2273 = SURFACE_STYLE_FILL_AREA ( #1562 ) ;
#2274 = SURFACE_SIDE_STYLE ('',( #1055 ) ) ;
#2275 = EDGE_CURVE ( 'NONE', #720, #2822, #2018, .T. ) ;
#2276 = PRESENTATION_STYLE_ASSIGNMENT (( #2754 ) ) ;
#2277 =( NAMED_UNIT ( * ) PLANE_ANGLE_UNIT ( ) SI_UNIT ( $, .RADIAN. ) );
#2278 = CARTESIAN_POINT ( 'NONE',  ( 0.5000000000000004441, -4.634999999999999787, 2.524999999999994138 ) ) ;
#2279 = ORIENTED_EDGE ( 'NONE', *, *, #1749, .F. ) ;
#2280 = ADVANCED_FACE ( 'NONE', ( #2042 ), #823, .T. ) ;
#2281 = CARTESIAN_POINT ( 'NONE',  ( 0.000000000000000000, 4.634999999999998899, 1.529999999999917204 ) ) ;
#2282 = CARTESIAN_POINT ( 'NONE',  ( 0.5000000000000001110, -6.635000000000000675, 2.024999999999993694 ) ) ;
#2283 = VERTEX_POINT ( 'NONE', #798 ) ;
#2284 = PLANE ( 'NONE',  #2755 ) ;
#2285 =( NAMED_UNIT ( * ) SI_UNIT ( $, .STERADIAN. ) SOLID_ANGLE_UNIT ( ) );
#2286 = EDGE_LOOP ( 'NONE', ( #1911, #1742, #333, #62 ) ) ;
#2287 = CARTESIAN_POINT ( 'NONE',  ( 1.350000000000000089, -8.054999999999999716, 2.524999999999994138 ) ) ;
#2288 = LINE ( 'NONE', #326, #80 ) ;
#2289 = AXIS2_PLACEMENT_3D ( 'NONE', #1973, #295, #992 ) ;
#2290 = EDGE_CURVE ( 'NONE', #2716, #2741, #2739, .T. ) ;
#2291 =( NAMED_UNIT ( * ) SI_UNIT ( $, .STERADIAN. ) SOLID_ANGLE_UNIT ( ) );
#2292 = AXIS2_PLACEMENT_3D ( 'NONE', #3062, #862, #915 ) ;
#2293 = EDGE_LOOP ( 'NONE', ( #1463, #542, #1214, #775 ) ) ;
#2294 = CARTESIAN_POINT ( 'NONE',  ( 2.309999999999999609, -6.635000000000000675, -0.001000000000000132727 ) ) ;
#2295 = ADVANCED_FACE ( 'NONE', ( #808 ), #1787, .T. ) ;
#2296 = AXIS2_PLACEMENT_3D ( 'NONE', #569, #58, #2270 ) ;
#2297 = CARTESIAN_POINT ( 'NONE',  ( 5.079999999999998295, 4.075582913392048034, 4.629999999999999893 ) ) ;
#2298 = COLOUR_RGB ( '',0.2862745098039215508, 0.2862745098039215508, 0.2862745098039215508 ) ;
#2299 = DIRECTION ( 'NONE',  ( -1.000000000000000000, 0.000000000000000000, 0.000000000000000000 ) ) ;
#2300 = COLOUR_RGB ( '',0.2862745098039215508, 0.2862745098039215508, 0.2862745098039215508 ) ;
#2301 = CIRCLE ( 'NONE', #617, 0.1499999999999999667 ) ;
#2302 = ORIENTED_EDGE ( 'NONE', *, *, #487, .F. ) ;
#2303 = SURFACE_STYLE_FILL_AREA ( #581 ) ;
#2304 = PRESENTATION_STYLE_ASSIGNMENT (( #1340 ) ) ;
#2305 = CARTESIAN_POINT ( 'NONE',  ( -5.080000000000001847, 4.634999999999998899, 0.000000000000000000 ) ) ;
#2306 = FILL_AREA_STYLE ('',( #1342 ) ) ;
#2307 = LINE ( 'NONE', #1876, #1551 ) ;
#2308 = AXIS2_PLACEMENT_3D ( 'NONE', #1578, #1779, #2740 ) ;
#2309 = ORIENTED_EDGE ( 'NONE', *, *, #2825, .T. ) ;
#2310 = PRESENTATION_STYLE_ASSIGNMENT (( #1347 ) ) ;
#2311 = ADVANCED_FACE ( 'NONE', ( #338 ), #99, .F. ) ;
#2312 = CIRCLE ( 'NONE', #42, 0.1499999999999999667 ) ;
#2313 = CARTESIAN_POINT ( 'NONE',  ( 0.5000000000000001110, -4.634999999999999787, -0.001000000000000132727 ) ) ;
#2314 = SURFACE_STYLE_FILL_AREA ( #3064 ) ;
#2315 = CARTESIAN_POINT ( 'NONE',  ( 0.5000000000000001110, -6.635000000000000675, 2.524999999999994138 ) ) ;
#2316 = ORIENTED_EDGE ( 'NONE', *, *, #1881, .T. ) ;
#2317 =( NAMED_UNIT ( * ) PLANE_ANGLE_UNIT ( ) SI_UNIT ( $, .RADIAN. ) );
#2318 = FILL_AREA_STYLE ('',( #1358 ) ) ;
#2319 = CARTESIAN_POINT ( 'NONE',  ( -5.080000000000001847, 4.634999999999998899, 0.000000000000000000 ) ) ;
#2320 = PRESENTATION_STYLE_ASSIGNMENT (( #3048 ) ) ;
#2321 = UNCERTAINTY_MEASURE_WITH_UNIT (LENGTH_MEASURE( 1.000000000000000082E-05 ), #2142, 'distance_accuracy_value', 'NONE');
#2322 = CARTESIAN_POINT ( 'NONE',  ( -4.930000000000000604, -4.634999999999999787, 2.549999999999941203 ) ) ;
#2323 = VERTEX_POINT ( 'NONE', #169 ) ;
#2324 = DIRECTION ( 'NONE',  ( -8.537024980200808999E-17, 1.000000000000000000, 0.000000000000000000 ) ) ;
#2325 = LINE ( 'NONE', #1394, #2618 ) ;
#2326 = EDGE_CURVE ( 'NONE', #39, #2195, #2591, .T. ) ;
#2327 = CARTESIAN_POINT ( 'NONE',  ( -4.930000000000000604, -4.209868460931192935, 4.629999999999999893 ) ) ;
#2328 =( NAMED_UNIT ( * ) PLANE_ANGLE_UNIT ( ) SI_UNIT ( $, .RADIAN. ) );
#2329 = EDGE_CURVE ( 'NONE', #1460, #740, #16, .T. ) ;
#2330 = ORIENTED_EDGE ( 'NONE', *, *, #1801, .T. ) ;
#2331 = DIRECTION ( 'NONE',  ( 0.000000000000000000, 0.000000000000000000, -1.000000000000000000 ) ) ;
#2332 = VERTEX_POINT ( 'NONE', #1366 ) ;
#2333 = PRESENTATION_STYLE_ASSIGNMENT (( #2842 ) ) ;
#2334 = CARTESIAN_POINT ( 'NONE',  ( 1.350000000000000089, -8.054999999999999716, 2.024999999999993694 ) ) ;
#2335 = CYLINDRICAL_SURFACE ( 'NONE', #2257, 0.1499999999999998834 ) ;
#2336 = AXIS2_PLACEMENT_3D ( 'NONE', #2751, #563, #1543 ) ;
#2337 =( GEOMETRIC_REPRESENTATION_CONTEXT ( 3 ) GLOBAL_UNCERTAINTY_ASSIGNED_CONTEXT ( ( #1152 ) ) GLOBAL_UNIT_ASSIGNED_CONTEXT ( ( #559, #573, #2891 ) ) REPRESENTATION_CONTEXT ( 'NONE', 'WORKASPACE' ) );
#2338 = VECTOR ( 'NONE', #2168, 1000.000000000000000 ) ;
#2339 = EDGE_LOOP ( 'NONE', ( #1660, #479, #2857 ) ) ;
#2340 = FACE_OUTER_BOUND ( 'NONE', #238, .T. ) ;
#2341 = VECTOR ( 'NONE', #1757, 1000.000000000000000 ) ;
#2342 = MECHANICAL_DESIGN_GEOMETRIC_PRESENTATION_REPRESENTATION (  '', ( #1185 ), #1081 ) ;
#2343 = ORIENTED_EDGE ( 'NONE', *, *, #1581, .F. ) ;
#2344 = DIRECTION ( 'NONE',  ( 1.000000000000000000, 0.000000000000000000, -0.000000000000000000 ) ) ;
#2345 = COLOUR_RGB ( '',0.2862745098039215508, 0.2862745098039215508, 0.2862745098039215508 ) ;
#2346 = SURFACE_STYLE_FILL_AREA ( #1920 ) ;
#2347 =( NAMED_UNIT ( * ) SI_UNIT ( $, .STERADIAN. ) SOLID_ANGLE_UNIT ( ) );
#2348 = CARTESIAN_POINT ( 'NONE',  ( 4.099999999999998757, -2.225000000000002309, 1.529999999999917204 ) ) ;
#2349 = EDGE_CURVE ( 'NONE', #572, #2521, #1659, .T. ) ;
#2350 = DIRECTION ( 'NONE',  ( -2.442576589794816419E-17, 0.1305261922200485480, 0.9914448613738108262 ) ) ;
#2351 = FACE_OUTER_BOUND ( 'NONE', #972, .T. ) ;
#2352 = CIRCLE ( 'NONE', #3034, 0.5999999999999999778 ) ;
#2353 = EDGE_CURVE ( 'NONE', #2390, #2140, #1792, .T. ) ;
#2354 = DIRECTION ( 'NONE',  ( 0.000000000000000000, -0.000000000000000000, 1.000000000000000000 ) ) ;
#2355 = EDGE_LOOP ( 'NONE', ( #1882, #2667, #2175, #1897 ) ) ;
#2356 = VECTOR ( 'NONE', #1372, 1000.000000000000000 ) ;
#2357 = SURFACE_STYLE_FILL_AREA ( #228 ) ;
#2358 = VERTEX_POINT ( 'NONE', #153 ) ;
#2359 = DIRECTION ( 'NONE',  ( 0.000000000000000000, 0.000000000000000000, -1.000000000000000000 ) ) ;
#2360 = CARTESIAN_POINT ( 'NONE',  ( -2.309999999999999609, 0.000000000000000000, -0.001000000000000132727 ) ) ;
#2361 = DIRECTION ( 'NONE',  ( 0.000000000000000000, 0.000000000000000000, -1.000000000000000000 ) ) ;
#2362 = UNCERTAINTY_MEASURE_WITH_UNIT (LENGTH_MEASURE( 1.000000000000000082E-05 ), #820, 'distance_accuracy_value', 'NONE');
#2363 = ORIENTED_EDGE ( 'NONE', *, *, #1381, .T. ) ;
#2364 = SURFACE_STYLE_FILL_AREA ( #1880 ) ;
#2365 = VECTOR ( 'NONE', #309, 1000.000000000000114 ) ;
#2366 = PRODUCT ( 'SM8S24A', 'SM8S24A', '', ( #2650 ) ) ;
#2367 = LINE ( 'NONE', #1120, #3095 ) ;
#2368 = VECTOR ( 'NONE', #1680, 1000.000000000000000 ) ;
#2369 = SURFACE_STYLE_USAGE ( .BOTH. , #919 ) ;
#2370 = SURFACE_STYLE_USAGE ( .BOTH. , #1595 ) ;
#2371 = EDGE_CURVE ( 'NONE', #2959, #1253, #2135, .T. ) ;
#2372 = CARTESIAN_POINT ( 'NONE',  ( -4.400000000000002132, 4.484999999999998543, 1.529999999999917204 ) ) ;
#2373 = EDGE_LOOP ( 'NONE', ( #1230, #412, #1083, #2669 ) ) ;
#2374 = EDGE_CURVE ( 'NONE', #2954, #875, #1109, .T. ) ;
#2375 = DIRECTION ( 'NONE',  ( 0.000000000000000000, -0.000000000000000000, -1.000000000000000000 ) ) ;
#2376 = VERTEX_POINT ( 'NONE', #866 ) ;
#2377 = DIRECTION ( 'NONE',  ( 1.000000000000000000, 0.000000000000000000, 0.000000000000000000 ) ) ;
#2378 = LINE ( 'NONE', #2081, #1547 ) ;
#2379 = LINE ( 'NONE', #194, #677 ) ;
#2380 = DIRECTION ( 'NONE',  ( 0.000000000000000000, 0.000000000000000000, -1.000000000000000000 ) ) ;
#2381 = PLANE ( 'NONE',  #2151 ) ;
#2382 = FACE_OUTER_BOUND ( 'NONE', #1045, .T. ) ;
#2383 = VERTEX_POINT ( 'NONE', #2103 ) ;
#2384 = CARTESIAN_POINT ( 'NONE',  ( -4.930000000000000604, -4.240148535376294880, 0.1500000000000001055 ) ) ;
#2385 = CARTESIAN_POINT ( 'NONE',  ( 0.4999999999999994449, 5.421010862427516007E-17, 2.524999999999994138 ) ) ;
#2386 =( NAMED_UNIT ( * ) SI_UNIT ( $, .STERADIAN. ) SOLID_ANGLE_UNIT ( ) );
#2387 =( LENGTH_UNIT ( ) NAMED_UNIT ( * ) SI_UNIT ( .MILLI., .METRE. ) );
#2388 = CARTESIAN_POINT ( 'NONE',  ( 2.309999999999999609, -6.635000000000000675, 2.524999999999994138 ) ) ;
#2389 = EDGE_LOOP ( 'NONE', ( #1374, #2556, #56, #453 ) ) ;
#2390 = VERTEX_POINT ( 'NONE', #2122 ) ;
#2391 = DIRECTION ( 'NONE',  ( -1.871330610546717406E-16, 1.000000000000000000, 0.000000000000000000 ) ) ;
#2392 = UNCERTAINTY_MEASURE_WITH_UNIT (LENGTH_MEASURE( 1.000000000000000082E-05 ), #1304, 'distance_accuracy_value', 'NONE');
#2393 = EDGE_CURVE ( 'NONE', #1069, #1117, #438, .T. ) ;
#2394 = CARTESIAN_POINT ( 'NONE',  ( -2.309999999999999609, -4.634999999999999787, 2.024999999999993694 ) ) ;
#2395 = TOROIDAL_SURFACE ( 'NONE', #729, 0.6999999999999999556, 0.1000000000000000056 ) ;
#2396 = CARTESIAN_POINT ( 'NONE',  ( 4.929999999999998828, 4.075582913392048034, 4.629999999999999893 ) ) ;
#2397 = EDGE_CURVE ( 'NONE', #1233, #2077, #1847, .T. ) ;
#2398 = VECTOR ( 'NONE', #1785, 1000.000000000000000 ) ;
#2399 = ORIENTED_EDGE ( 'NONE', *, *, #1270, .F. ) ;
#2400 = DIRECTION ( 'NONE',  ( 1.000000000000000000, 0.000000000000000000, 0.000000000000000000 ) ) ;
#2401 = CARTESIAN_POINT ( 'NONE',  ( 4.930000000000000604, -4.209868460931191159, 4.629999999999999893 ) ) ;
#2402 = CIRCLE ( 'NONE', #1124, 0.1499999999999998834 ) ;
#2403 = CARTESIAN_POINT ( 'NONE',  ( -4.930000000000002380, 4.075582913392047146, 4.629999999999999893 ) ) ;
#2404 = MECHANICAL_DESIGN_GEOMETRIC_PRESENTATION_REPRESENTATION (  '', ( #462 ), #360 ) ;
#2405 = MECHANICAL_DESIGN_GEOMETRIC_PRESENTATION_REPRESENTATION (  '', ( #826 ), #1758 ) ;
#2406 = VECTOR ( 'NONE', #1567, 1000.000000000000114 ) ;
#2407 = DIRECTION ( 'NONE',  ( -0.000000000000000000, 0.000000000000000000, -1.000000000000000000 ) ) ;
#2408 = CARTESIAN_POINT ( 'NONE',  ( 3.810000000000000053, -8.054999999999999716, 2.524999999999994138 ) ) ;
#2409 = CARTESIAN_POINT ( 'NONE',  ( -4.930000000000000604, -4.209868460931195600, 4.629999999999999893 ) ) ;
#2410 = VERTEX_POINT ( 'NONE', #2896 ) ;
#2411 = DIRECTION ( 'NONE',  ( -1.000000000000000000, 0.000000000000000000, 0.000000000000000000 ) ) ;
#2412 = EDGE_LOOP ( 'NONE', ( #2630, #2063, #2693, #165, #2054, #1927, #2316, #586, #30, #1388, #2987, #2462, #2879, #1282, #1012, #72 ) ) ;
#2413 = CARTESIAN_POINT ( 'NONE',  ( 0.5999999999999999778, -1.841414930380106174, 4.529999999999999361 ) ) ;
#2414 =( NAMED_UNIT ( * ) SI_UNIT ( $, .STERADIAN. ) SOLID_ANGLE_UNIT ( ) );
#2415 = VECTOR ( 'NONE', #2883, 1000.000000000000000 ) ;
#2416 = PLANE ( 'NONE',  #2110 ) ;
#2417 = ADVANCED_FACE ( 'NONE', ( #1871 ), #1378, .T. ) ;
#2418 = MECHANICAL_DESIGN_GEOMETRIC_PRESENTATION_REPRESENTATION (  '', ( #2821 ), #1606 ) ;
#2419 = DIRECTION ( 'NONE',  ( 1.000000000000000000, 0.000000000000000000, 0.000000000000000000 ) ) ;
#2420 = AXIS2_PLACEMENT_3D ( 'NONE', #2004, #757, #1259 ) ;
#2421 = ORIENTED_EDGE ( 'NONE', *, *, #3111, .T. ) ;
#2422 = ADVANCED_FACE ( 'NONE', ( #1717 ), #1497, .T. ) ;
#2423 = ORIENTED_EDGE ( 'NONE', *, *, #400, .F. ) ;
#2424 = CARTESIAN_POINT ( 'NONE',  ( -4.930000000000000604, -4.461641283871556674, 2.717595544678276909 ) ) ;
#2425 = VECTOR ( 'NONE', #2551, 1000.000000000000000 ) ;
#2426 = SURFACE_STYLE_USAGE ( .BOTH. , #1379 ) ;
#2427 = VECTOR ( 'NONE', #2933, 1000.000000000000000 ) ;
#2428 =( LENGTH_UNIT ( ) NAMED_UNIT ( * ) SI_UNIT ( .MILLI., .METRE. ) );
#2429 = DIRECTION ( 'NONE',  ( 0.000000000000000000, 0.000000000000000000, -1.000000000000000000 ) ) ;
#2430 =( LENGTH_UNIT ( ) NAMED_UNIT ( * ) SI_UNIT ( .MILLI., .METRE. ) );
#2431 = ORIENTED_EDGE ( 'NONE', *, *, #1281, .F. ) ;
#2432 = CARTESIAN_POINT ( 'NONE',  ( 4.249999999999998224, 4.484999999999998543, 1.529999999999917204 ) ) ;
#2433 = ORIENTED_EDGE ( 'NONE', *, *, #2026, .T. ) ;
#2434 = FILL_AREA_STYLE_COLOUR ( '', #172 ) ;
#2435 = UNCERTAINTY_MEASURE_WITH_UNIT (LENGTH_MEASURE( 1.000000000000000082E-05 ), #1156, 'distance_accuracy_value', 'NONE');
#2436 = DIRECTION ( 'NONE',  ( 1.000000000000000000, 0.000000000000000000, 0.000000000000000000 ) ) ;
#2437 = ORIENTED_EDGE ( 'NONE', *, *, #50, .T. ) ;
#2438 = DIRECTION ( 'NONE',  ( -1.000000000000000000, -0.000000000000000000, 0.000000000000000000 ) ) ;
#2439 = ORIENTED_EDGE ( 'NONE', *, *, #1365, .T. ) ;
#2440 = CARTESIAN_POINT ( 'NONE',  ( -1.349999999999999645, -8.054999999999999716, 1.524999999999993916 ) ) ;
#2441 = ADVANCED_FACE ( 'NONE', ( #1469 ), #520, .F. ) ;
#2442 = DIRECTION ( 'NONE',  ( 1.000000000000000000, 0.000000000000000000, -0.000000000000000000 ) ) ;
#2443 = FACE_OUTER_BOUND ( 'NONE', #1292, .T. ) ;
#2444 = VERTEX_POINT ( 'NONE', #955 ) ;
#2445 = ADVANCED_FACE ( 'NONE', ( #240 ), #471, .F. ) ;
#2446 = ORIENTED_EDGE ( 'NONE', *, *, #1189, .F. ) ;
#2447 = DIRECTION ( 'NONE',  ( 1.084202172485504434E-16, -1.000000000000000000, 0.000000000000000000 ) ) ;
#2448 = ORIENTED_EDGE ( 'NONE', *, *, #979, .T. ) ;
#2449 = CYLINDRICAL_SURFACE ( 'NONE', #477, 0.1499999999999999667 ) ;
#2450 = DIRECTION ( 'NONE',  ( 1.000000000000000000, 0.000000000000000000, 0.000000000000000000 ) ) ;
#2451 = VERTEX_POINT ( 'NONE', #1223 ) ;
#2452 = ORIENTED_EDGE ( 'NONE', *, *, #1021, .T. ) ;
#2453 = PRESENTATION_STYLE_ASSIGNMENT (( #974 ) ) ;
#2454 =( GEOMETRIC_REPRESENTATION_CONTEXT ( 3 ) GLOBAL_UNCERTAINTY_ASSIGNED_CONTEXT ( ( #2845 ) ) GLOBAL_UNIT_ASSIGNED_CONTEXT ( ( #474, #1213, #2247 ) ) REPRESENTATION_CONTEXT ( 'NONE', 'WORKASPACE' ) );
#2455 = COLOUR_RGB ( '',0.2862745098039215508, 0.2862745098039215508, 0.2862745098039215508 ) ;
#2456 = DIRECTION ( 'NONE',  ( 1.000000000000000000, 0.000000000000000000, 0.000000000000000000 ) ) ;
#2457 = PRESENTATION_LAYER_ASSIGNMENT (  '', '', ( #268 ) ) ;
#2458 = EDGE_CURVE ( 'NONE', #3098, #2451, #2186, .T. ) ;
#2459 = ORIENTED_EDGE ( 'NONE', *, *, #1270, .T. ) ;
#2460 = AXIS2_PLACEMENT_3D ( 'NONE', #1089, #2050, #354 ) ;
#2461 = CARTESIAN_POINT ( 'NONE',  ( 4.929999999999998828, 4.075582913392047146, 4.779999999999999361 ) ) ;
#2462 = ORIENTED_EDGE ( 'NONE', *, *, #675, .T. ) ;
#2463 = DIRECTION ( 'NONE',  ( 0.000000000000000000, -1.000000000000000000, 0.000000000000000000 ) ) ;
#2464 = ADVANCED_FACE ( 'NONE', ( #1936 ), #41, .T. ) ;
#2465 =( GEOMETRIC_REPRESENTATION_CONTEXT ( 3 ) GLOBAL_UNCERTAINTY_ASSIGNED_CONTEXT ( ( #1000 ) ) GLOBAL_UNIT_ASSIGNED_CONTEXT ( ( #2543, #3007, #339 ) ) REPRESENTATION_CONTEXT ( 'NONE', 'WORKASPACE' ) );
#2466 = SURFACE_STYLE_FILL_AREA ( #970 ) ;
#2467 = CARTESIAN_POINT ( 'NONE',  ( 1.350000000000000089, -9.054999999999999716, 0.000000000000000000 ) ) ;
#2468 = AXIS2_PLACEMENT_3D ( 'NONE', #2830, #3074, #384 ) ;
#2469 = ORIENTED_EDGE ( 'NONE', *, *, #1107, .F. ) ;
#2470 = VERTEX_POINT ( 'NONE', #2928 ) ;
#2471 =( NAMED_UNIT ( * ) PLANE_ANGLE_UNIT ( ) SI_UNIT ( $, .RADIAN. ) );
#2472 = STYLED_ITEM ( 'NONE', ( #2719 ), #466 ) ;
#2473 = AXIS2_PLACEMENT_3D ( 'NONE', #927, #1131, #1908 ) ;
#2474 = CARTESIAN_POINT ( 'NONE',  ( 1.350000000000000089, -7.705000000000000071, 2.524999999999994138 ) ) ;
#2475 = STYLED_ITEM ( 'NONE', ( #753 ), #985 ) ;
#2476 = DIRECTION ( 'NONE',  ( 0.000000000000000000, 0.000000000000000000, -1.000000000000000000 ) ) ;
#2477 = ORIENTED_EDGE ( 'NONE', *, *, #3069, .F. ) ;
#2478 = LINE ( 'NONE', #2979, #3129 ) ;
#2479 = ADVANCED_FACE ( 'NONE', ( #256 ), #291, .T. ) ;
#2480 = DIRECTION ( 'NONE',  ( -0.000000000000000000, 1.000000000000000000, -2.312964634635743529E-14 ) ) ;
#2481 = ORIENTED_EDGE ( 'NONE', *, *, #1042, .F. ) ;
#2482 = DIRECTION ( 'NONE',  ( 0.000000000000000000, -1.000000000000000000, 0.000000000000000000 ) ) ;
#2483 = ORIENTED_EDGE ( 'NONE', *, *, #1523, .F. ) ;
#2484 = DIRECTION ( 'NONE',  ( 0.000000000000000000, 0.000000000000000000, -1.000000000000000000 ) ) ;
#2485 = ORIENTED_EDGE ( 'NONE', *, *, #529, .F. ) ;
#2486 = FILL_AREA_STYLE ('',( #524 ) ) ;
#2487 = CARTESIAN_POINT ( 'NONE',  ( 3.810000000000000053, -8.054999999999999716, 1.000000000000000000 ) ) ;
#2488 = ORIENTED_EDGE ( 'NONE', *, *, #260, .T. ) ;
#2489 = CARTESIAN_POINT ( 'NONE',  ( -0.6999999999999999556, -1.841414930380106174, 4.779999999999999361 ) ) ;
#2490 = CARTESIAN_POINT ( 'NONE',  ( 0.000000000000000000, -1.841414930380106174, 4.679999999999998828 ) ) ;
#2491 = DIRECTION ( 'NONE',  ( -0.000000000000000000, 0.1305261922200478819, -0.9914448613738109373 ) ) ;
#2492 = ADVANCED_FACE ( 'NONE', ( #1729, #535 ), #1512, .T. ) ;
#2493 = ORIENTED_EDGE ( 'NONE', *, *, #2916, .F. ) ;
#2494 = SURFACE_SIDE_STYLE ('',( #305 ) ) ;
#2495 = DIRECTION ( 'NONE',  ( 0.000000000000000000, 1.000000000000000000, 0.000000000000000000 ) ) ;
#2496 = CARTESIAN_POINT ( 'NONE',  ( 3.810000000000000053, -7.705000000000000071, 0.000000000000000000 ) ) ;
#2497 = COLOUR_RGB ( '',0.2862745098039215508, 0.2862745098039215508, 0.2862745098039215508 ) ;
#2498 = STYLED_ITEM ( 'NONE', ( #121 ), #2492 ) ;
#2499 = VECTOR ( 'NONE', #1103, 1000.000000000000000 ) ;
#2500 = LINE ( 'NONE', #1821, #576 ) ;
#2501 = ORIENTED_EDGE ( 'NONE', *, *, #1267, .F. ) ;
#2502 = CARTESIAN_POINT ( 'NONE',  ( 0.6999999999999999556, -1.841414930380106174, 4.679999999999998828 ) ) ;
#2503 = CARTESIAN_POINT ( 'NONE',  ( -4.930000000000002380, 4.634999999999998899, 0.1499999999999999667 ) ) ;
#2504 =( NAMED_UNIT ( * ) PLANE_ANGLE_UNIT ( ) SI_UNIT ( $, .RADIAN. ) );
#2505 = CIRCLE ( 'NONE', #2929, 0.1499999999999998834 ) ;
#2506 = AXIS2_PLACEMENT_3D ( 'NONE', #1960, #999, #755 ) ;
#2507 = SURFACE_STYLE_USAGE ( .BOTH. , #583 ) ;
#2508 = CARTESIAN_POINT ( 'NONE',  ( 4.929999999999999716, 4.634999999999998899, 0.000000000000000000 ) ) ;
#2509 = SURFACE_STYLE_USAGE ( .BOTH. , #312 ) ;
#2510 =( NAMED_UNIT ( * ) PLANE_ANGLE_UNIT ( ) SI_UNIT ( $, .RADIAN. ) );
#2511 = EDGE_CURVE ( 'NONE', #2028, #2595, #1534, .T. ) ;
#2512 = ORIENTED_EDGE ( 'NONE', *, *, #2992, .T. ) ;
#2513 = DIRECTION ( 'NONE',  ( 0.000000000000000000, 0.000000000000000000, 1.000000000000000000 ) ) ;
#2514 = ADVANCED_FACE ( 'NONE', ( #1318 ), #2284, .T. ) ;
#2515 =( NAMED_UNIT ( * ) PLANE_ANGLE_UNIT ( ) SI_UNIT ( $, .RADIAN. ) );
#2516 = DIRECTION ( 'NONE',  ( 0.000000000000000000, -0.000000000000000000, 1.000000000000000000 ) ) ;
#2517 = PRESENTATION_LAYER_ASSIGNMENT (  '', '', ( #1862 ) ) ;
#2518 = FILL_AREA_STYLE_COLOUR ( '', #2010 ) ;
#2519 = COLOUR_RGB ( '',0.2862745098039215508, 0.2862745098039215508, 0.2862745098039215508 ) ;
#2520 = DIRECTION ( 'NONE',  ( -0.000000000000000000, -0.000000000000000000, 1.000000000000000000 ) ) ;
#2521 = VERTEX_POINT ( 'NONE', #2786 ) ;
#2522 = CARTESIAN_POINT ( 'NONE',  ( 4.929999999999998828, 4.075582913392047146, 4.629999999999999893 ) ) ;
#2523 = COLOUR_RGB ( '',0.2862745098039215508, 0.2862745098039215508, 0.2862745098039215508 ) ;
#2524 = LINE ( 'NONE', #1602, #2425 ) ;
#2525 = CIRCLE ( 'NONE', #1145, 0.1499999999999998834 ) ;
#2526 =( LENGTH_UNIT ( ) NAMED_UNIT ( * ) SI_UNIT ( .MILLI., .METRE. ) );
#2527 = CYLINDRICAL_SURFACE ( 'NONE', #113, 0.5999999999999999778 ) ;
#2528 = VERTEX_POINT ( 'NONE', #2297 ) ;
#2529 = CARTESIAN_POINT ( 'NONE',  ( 5.080000000000000071, 0.000000000000000000, 1.529999999999917204 ) ) ;
#2530 =( NAMED_UNIT ( * ) PLANE_ANGLE_UNIT ( ) SI_UNIT ( $, .RADIAN. ) );
#2531 = DIRECTION ( 'NONE',  ( 0.000000000000000000, 0.000000000000000000, -1.000000000000000000 ) ) ;
#2532 = CARTESIAN_POINT ( 'NONE',  ( 3.810000000000000053, -9.054999999999999716, 1.000000000000000000 ) ) ;
#2533 = EDGE_CURVE ( 'NONE', #1943, #940, #458, .T. ) ;
#2534 = CARTESIAN_POINT ( 'NONE',  ( -3.810000000000000053, 0.000000000000000000, 2.024999999999993694 ) ) ;
#2535 = VERTEX_POINT ( 'NONE', #1829 ) ;
#2536 = FILL_AREA_STYLE ('',( #325 ) ) ;
#2537 = DIRECTION ( 'NONE',  ( 1.000000000000000000, -0.000000000000000000, -0.000000000000000000 ) ) ;
#2538 = DIRECTION ( 'NONE',  ( 1.000000000000000000, 0.000000000000000000, 0.000000000000000000 ) ) ;
#2539 = EDGE_LOOP ( 'NONE', ( #1501, #1427, #1174, #18 ) ) ;
#2540 = SURFACE_STYLE_USAGE ( .BOTH. , #2016 ) ;
#2541 = DIRECTION ( 'NONE',  ( -0.000000000000000000, -0.000000000000000000, 1.000000000000000000 ) ) ;
#2542 = DIRECTION ( 'NONE',  ( -1.000000000000000000, -0.000000000000000000, -0.000000000000000000 ) ) ;
#2543 =( LENGTH_UNIT ( ) NAMED_UNIT ( * ) SI_UNIT ( .MILLI., .METRE. ) );
#2544 = ADVANCED_FACE ( 'NONE', ( #2771 ), #1775, .T. ) ;
#2545 = SURFACE_STYLE_FILL_AREA ( #579 ) ;
#2546 = VECTOR ( 'NONE', #1288, 1000.000000000000000 ) ;
#2547 = ORIENTED_EDGE ( 'NONE', *, *, #1107, .T. ) ;
#2548 = CARTESIAN_POINT ( 'NONE',  ( -5.080000000000001847, 4.484999999999998543, 0.1499999999999999667 ) ) ;
#2549 = PRESENTATION_LAYER_ASSIGNMENT (  '', '', ( #2498 ) ) ;
#2550 = EDGE_CURVE ( 'NONE', #1355, #2741, #2737, .T. ) ;
#2551 = DIRECTION ( 'NONE',  ( -1.000000000000000000, 0.000000000000000000, 0.000000000000000000 ) ) ;
#2552 = CARTESIAN_POINT ( 'NONE',  ( -1.350000000000000089, 0.000000000000000000, 2.524999999999994138 ) ) ;
#2553 = VECTOR ( 'NONE', #2587, 1000.000000000000000 ) ;
#2554 = DIRECTION ( 'NONE',  ( -1.000000000000000000, 0.000000000000000000, 0.000000000000000000 ) ) ;
#2555 = CARTESIAN_POINT ( 'NONE',  ( 4.249999999999998224, -2.225000000000002309, 1.529999999999917204 ) ) ;
#2556 = ORIENTED_EDGE ( 'NONE', *, *, #284, .F. ) ;
#2557 = FACE_OUTER_BOUND ( 'NONE', #2120, .T. ) ;
#2558 = AXIS2_PLACEMENT_3D ( 'NONE', #1244, #1050, #3002 ) ;
#2559 = CARTESIAN_POINT ( 'NONE',  ( -5.080000000000001847, 4.634999999999998899, 0.1499999999999999667 ) ) ;
#2560 = PLANE ( 'NONE',  #206 ) ;
#2561 = DIRECTION ( 'NONE',  ( -1.871330610546718145E-16, 1.000000000000000000, -0.000000000000000000 ) ) ;
#2562 = AXIS2_PLACEMENT_3D ( 'NONE', #2360, #2567, #1910 ) ;
#2563 = CARTESIAN_POINT ( 'NONE',  ( 5.079999999999998295, 4.058412653634889899, 4.760421071166993201 ) ) ;
#2564 = COLOUR_RGB ( '',0.2862745098039215508, 0.2862745098039215508, 0.2862745098039215508 ) ;
#2565 = VERTEX_POINT ( 'NONE', #3018 ) ;
#2566 =( NAMED_UNIT ( * ) PLANE_ANGLE_UNIT ( ) SI_UNIT ( $, .RADIAN. ) );
#2567 = DIRECTION ( 'NONE',  ( -1.000000000000000000, 0.000000000000000000, -0.000000000000000000 ) ) ;
#2568 = VECTOR ( 'NONE', #92, 1000.000000000000000 ) ;
#2569 = CARTESIAN_POINT ( 'NONE',  ( 5.079999999999998295, 4.634999999999998899, 0.000000000000000000 ) ) ;
#2570 = CARTESIAN_POINT ( 'NONE',  ( -4.930000000000003268, 4.634999999999998899, 1.529999999999917204 ) ) ;
#2571 = EDGE_CURVE ( 'NONE', #2777, #1117, #587, .T. ) ;
#2572 = ORIENTED_EDGE ( 'NONE', *, *, #2190, .F. ) ;
#2573 = MECHANICAL_DESIGN_GEOMETRIC_PRESENTATION_REPRESENTATION (  '', ( #2176 ), #2895 ) ;
#2574 = EDGE_CURVE ( 'NONE', #706, #361, #549, .T. ) ;
#2575 = DIRECTION ( 'NONE',  ( 1.650528393414162895E-15, 0.1305261922200487701, -0.9914448613738108262 ) ) ;
#2576 = PRESENTATION_STYLE_ASSIGNMENT (( #2764 ) ) ;
#2577 = ORIENTED_EDGE ( 'NONE', *, *, #60, .F. ) ;
#2578 = FILL_AREA_STYLE ('',( #2174 ) ) ;
#2579 = EDGE_LOOP ( 'NONE', ( #190, #693, #3067, #819 ) ) ;
#2580 = SURFACE_STYLE_FILL_AREA ( #1371 ) ;
#2581 = CARTESIAN_POINT ( 'NONE',  ( -5.080000000000000071, 6.034999999999998366, 1.529999999999917204 ) ) ;
#2582 = DIRECTION ( 'NONE',  ( 0.000000000000000000, -5.782411586589358033E-15, 1.000000000000000000 ) ) ;
#2583 = UNCERTAINTY_MEASURE_WITH_UNIT (LENGTH_MEASURE( 1.000000000000000082E-05 ), #1790, 'distance_accuracy_value', 'NONE');
#2584 = CARTESIAN_POINT ( 'NONE',  ( 0.000000000000000000, -7.705000000000000071, 0.000000000000000000 ) ) ;
#2585 = ORIENTED_EDGE ( 'NONE', *, *, #491, .T. ) ;
#2586 = ADVANCED_FACE ( 'NONE', ( #2749 ), #850, .T. ) ;
#2587 = DIRECTION ( 'NONE',  ( -1.000000000000000000, -8.537024980200820092E-17, -0.000000000000000000 ) ) ;
#2588 = ORIENTED_EDGE ( 'NONE', *, *, #2609, .T. ) ;
#2589 = LINE ( 'NONE', #2837, #2227 ) ;
#2590 = ADVANCED_FACE ( 'NONE', ( #2340 ), #386, .F. ) ;
#2591 = LINE ( 'NONE', #1681, #818 ) ;
#2592 = FILL_AREA_STYLE ('',( #1628 ) ) ;
#2593 = ORIENTED_EDGE ( 'NONE', *, *, #1267, .T. ) ;
#2594 = DIRECTION ( 'NONE',  ( -1.000000000000000000, 0.000000000000000000, 0.000000000000000000 ) ) ;
#2595 = VERTEX_POINT ( 'NONE', #1654 ) ;
#2596 =( BOUNDED_CURVE ( )  B_SPLINE_CURVE ( 3, ( #1009, #3037, #3053, #2260 ),
 .UNSPECIFIED., .F., .F. ) 
 B_SPLINE_CURVE_WITH_KNOTS ( ( 4, 4 ),
 ( 1.871330610546717406E-16, 1.570796326794896336 ),
 .UNSPECIFIED. ) 
 CURVE ( )  GEOMETRIC_REPRESENTATION_ITEM ( )  RATIONAL_B_SPLINE_CURVE ( ( 1.000000000000000000, 0.8047378541243650485, 0.8047378541243650485, 1.000000000000000000 ) ) 
 REPRESENTATION_ITEM ( '' )  );
#2597 = PRESENTATION_STYLE_ASSIGNMENT (( #1836 ) ) ;
#2598 = APPLICATION_PROTOCOL_DEFINITION ( 'draft international standard', 'automotive_design', 1998, #1691 ) ;
#2599 = CIRCLE ( 'NONE', #2708, 0.1499999999999999667 ) ;
#2600 = VECTOR ( 'NONE', #3084, 1000.000000000000000 ) ;
#2601 = AXIS2_PLACEMENT_3D ( 'NONE', #208, #230, #966 ) ;
#2602 =( NAMED_UNIT ( * ) SI_UNIT ( $, .STERADIAN. ) SOLID_ANGLE_UNIT ( ) );
#2603 = AXIS2_PLACEMENT_3D ( 'NONE', #500, #2538, #2038 ) ;
#2604 = CIRCLE ( 'NONE', #1644, 0.1499999999999999944 ) ;
#2605 = ORIENTED_EDGE ( 'NONE', *, *, #1939, .F. ) ;
#2606 = CARTESIAN_POINT ( 'NONE',  ( -4.930000000000002380, 4.075582913392047146, 4.779999999999999361 ) ) ;
#2607 = ORIENTED_EDGE ( 'NONE', *, *, #257, .F. ) ;
#2608 = DIRECTION ( 'NONE',  ( -1.000000000000000000, -0.000000000000000000, 0.000000000000000000 ) ) ;
#2609 = EDGE_CURVE ( 'NONE', #2283, #1989, #111, .T. ) ;
#2610 = SURFACE_STYLE_USAGE ( .BOTH. , #189 ) ;
#2611 = ORIENTED_EDGE ( 'NONE', *, *, #2714, .T. ) ;
#2612 = VERTEX_POINT ( 'NONE', #2868 ) ;
#2613 = DIRECTION ( 'NONE',  ( -1.000000000000000000, -0.000000000000000000, -0.000000000000000000 ) ) ;
#2614 = FILL_AREA_STYLE_COLOUR ( '', #1807 ) ;
#2615 = UNCERTAINTY_MEASURE_WITH_UNIT (LENGTH_MEASURE( 1.000000000000000082E-05 ), #709, 'distance_accuracy_value', 'NONE');
#2616 = PLANE ( 'NONE',  #622 ) ;
#2617 = MECHANICAL_DESIGN_GEOMETRIC_PRESENTATION_REPRESENTATION (  '', ( #2472 ), #2942 ) ;
#2618 = VECTOR ( 'NONE', #1138, 1000.000000000000000 ) ;
#2619 = EDGE_LOOP ( 'NONE', ( #2635, #2431, #507, #2572 ) ) ;
#2620 = CARTESIAN_POINT ( 'NONE',  ( -4.400000000000002132, 4.634999999999998899, 1.529999999999917204 ) ) ;
#2621 = AXIS2_PLACEMENT_3D ( 'NONE', #262, #1734, #2665 ) ;
#2622 = VERTEX_POINT ( 'NONE', #2098 ) ;
#2623 =( NAMED_UNIT ( * ) PLANE_ANGLE_UNIT ( ) SI_UNIT ( $, .RADIAN. ) );
#2624 = AXIS2_PLACEMENT_3D ( 'NONE', #2490, #973, #1194 ) ;
#2625 = DIRECTION ( 'NONE',  ( -1.000000000000000000, -0.000000000000000000, -0.000000000000000000 ) ) ;
#2626 =( NAMED_UNIT ( * ) SI_UNIT ( $, .STERADIAN. ) SOLID_ANGLE_UNIT ( ) );
#2627 = EDGE_CURVE ( 'NONE', #2236, #1020, #772, .T. ) ;
#2628 = SURFACE_SIDE_STYLE ('',( #1666 ) ) ;
#2629 = ORIENTED_EDGE ( 'NONE', *, *, #649, .T. ) ;
#2630 = ORIENTED_EDGE ( 'NONE', *, *, #1621, .F. ) ;
#2631 = CYLINDRICAL_SURFACE ( 'NONE', #517, 0.5000000000000000000 ) ;
#2632 = CARTESIAN_POINT ( 'NONE',  ( -5.080000000000000071, -4.634999999999999787, 2.549999999999941203 ) ) ;
#2633 = EDGE_CURVE ( 'NONE', #2236, #1529, #1410, .T. ) ;
#2634 = EDGE_LOOP ( 'NONE', ( #2685, #51, #324, #1727 ) ) ;
#2635 = ORIENTED_EDGE ( 'NONE', *, *, #426, .T. ) ;
#2636 = DIRECTION ( 'NONE',  ( -1.000000000000000000, 0.000000000000000000, 0.000000000000000000 ) ) ;
#2637 = ORIENTED_EDGE ( 'NONE', *, *, #2073, .F. ) ;
#2638 = SURFACE_STYLE_FILL_AREA ( #6 ) ;
#2639 = CARTESIAN_POINT ( 'NONE',  ( -1.349999999999999645, -8.554999999999999716, 1.000000000000000000 ) ) ;
#2640 = CARTESIAN_POINT ( 'NONE',  ( 3.593975221432916283E-16, -4.209868460931191159, 4.779999999999999361 ) ) ;
#2641 = CARTESIAN_POINT ( 'NONE',  ( -4.930000000000002380, 4.224299642598119853, 4.649578928833006941 ) ) ;
#2642 = EDGE_LOOP ( 'NONE', ( #1262, #636, #454, #1686 ) ) ;
#2643 = ADVANCED_FACE ( 'NONE', ( #2557 ), #2381, .T. ) ;
#2644 = DIRECTION ( 'NONE',  ( 0.000000000000000000, 0.000000000000000000, -1.000000000000000000 ) ) ;
#2645 = ORIENTED_EDGE ( 'NONE', *, *, #2870, .T. ) ;
#2646 = SURFACE_SIDE_STYLE ('',( #2141 ) ) ;
#2647 = ORIENTED_EDGE ( 'NONE', *, *, #916, .T. ) ;
#2648 =( NAMED_UNIT ( * ) SI_UNIT ( $, .STERADIAN. ) SOLID_ANGLE_UNIT ( ) );
#2649 = UNCERTAINTY_MEASURE_WITH_UNIT (LENGTH_MEASURE( 1.000000000000000082E-05 ), #182, 'distance_accuracy_value', 'NONE');
#2650 = PRODUCT_CONTEXT ( 'NONE', #1691, 'mechanical' ) ;
#2651 = ADVANCED_FACE ( 'NONE', ( #19 ), #465, .T. ) ;
#2652 = ORIENTED_EDGE ( 'NONE', *, *, #2349, .T. ) ;
#2653 = PRESENTATION_LAYER_ASSIGNMENT (  '', '', ( #61 ) ) ;
#2654 = VECTOR ( 'NONE', #1761, 1000.000000000000114 ) ;
#2655 = CARTESIAN_POINT ( 'NONE',  ( 0.000000000000000000, 6.034999999999998366, 1.529999999999917204 ) ) ;
#2656 = STYLED_ITEM ( 'NONE', ( #1479 ), #2651 ) ;
#2657 = SURFACE_STYLE_FILL_AREA ( #1938 ) ;
#2658 = STYLED_ITEM ( 'NONE', ( #802 ), #1817 ) ;
#2659 = STYLED_ITEM ( 'NONE', ( #441 ), #2960 ) ;
#2660 = COLOUR_RGB ( '',0.2862745098039215508, 0.2862745098039215508, 0.2862745098039215508 ) ;
#2661 = SURFACE_STYLE_FILL_AREA ( #294 ) ;
#2662 = DIRECTION ( 'NONE',  ( -2.312964634635743529E-14, 1.000000000000000000, -0.000000000000000000 ) ) ;
#2663 = CARTESIAN_POINT ( 'NONE',  ( 3.810000000000000053, -4.634999999999999787, 0.000000000000000000 ) ) ;
#2664 = ORIENTED_EDGE ( 'NONE', *, *, #1169, .T. ) ;
#2665 = DIRECTION ( 'NONE',  ( -1.871330610546717406E-16, 1.000000000000000000, 0.000000000000000000 ) ) ;
#2666 = AXIS2_PLACEMENT_3D ( 'NONE', #2689, #233, #1985 ) ;
#2667 = ORIENTED_EDGE ( 'NONE', *, *, #87, .F. ) ;
#2668 = DIRECTION ( 'NONE',  ( -0.000000000000000000, -0.000000000000000000, 1.000000000000000000 ) ) ;
#2669 = ORIENTED_EDGE ( 'NONE', *, *, #278, .F. ) ;
#2670 = VECTOR ( 'NONE', #845, 1000.000000000000000 ) ;
#2671 = FACE_OUTER_BOUND ( 'NONE', #849, .T. ) ;
#2672 = PRESENTATION_LAYER_ASSIGNMENT (  '', '', ( #1810 ) ) ;
#2673 = CARTESIAN_POINT ( 'NONE',  ( -4.930000000000000604, -4.240148535376294880, 0.1499999999999999944 ) ) ;
#2674 = EDGE_CURVE ( 'NONE', #2612, #1907, #2702, .T. ) ;
#2675 = ORIENTED_EDGE ( 'NONE', *, *, #1445, .T. ) ;
#2676 = CARTESIAN_POINT ( 'NONE',  ( 5.079999999999998295, 4.572867965644033639, 0.06213203435596468399 ) ) ;
#2677 = ORIENTED_EDGE ( 'NONE', *, *, #2875, .T. ) ;
#2678 = EDGE_CURVE ( 'NONE', #490, #940, #516, .T. ) ;
#2679 =( GEOMETRIC_REPRESENTATION_CONTEXT ( 3 ) GLOBAL_UNCERTAINTY_ASSIGNED_CONTEXT ( ( #1408 ) ) GLOBAL_UNIT_ASSIGNED_CONTEXT ( ( #980, #1026, #1978 ) ) REPRESENTATION_CONTEXT ( 'NONE', 'WORKASPACE' ) );
#2680 = VECTOR ( 'NONE', #437, 1000.000000000000000 ) ;
#2681 = DIRECTION ( 'NONE',  ( -1.000000000000000000, 0.000000000000000000, 0.000000000000000000 ) ) ;
#2682 = DIRECTION ( 'NONE',  ( -1.000000000000000000, 0.000000000000000000, -0.000000000000000000 ) ) ;
#2683 = DIRECTION ( 'NONE',  ( 0.000000000000000000, -1.000000000000000000, 0.000000000000000000 ) ) ;
#2684 = ORIENTED_EDGE ( 'NONE', *, *, #115, .F. ) ;
#2685 = ORIENTED_EDGE ( 'NONE', *, *, #2085, .F. ) ;
#2686 = PLANE ( 'NONE',  #564 ) ;
#2687 = SURFACE_STYLE_FILL_AREA ( #250 ) ;
#2688 = UNCERTAINTY_MEASURE_WITH_UNIT (LENGTH_MEASURE( 1.000000000000000082E-05 ), #1730, 'distance_accuracy_value', 'NONE');
#2689 = CARTESIAN_POINT ( 'NONE',  ( -5.080000000000000959, 5.239236181903793925E-16, 1.529999999999917204 ) ) ;
#2690 = ORIENTED_EDGE ( 'NONE', *, *, #2571, .T. ) ;
#2691 = DIRECTION ( 'NONE',  ( -1.000000000000000000, 0.000000000000000000, -0.000000000000000000 ) ) ;
#2692 = EDGE_CURVE ( 'NONE', #998, #1314, #235, .T. ) ;
#2693 = ORIENTED_EDGE ( 'NONE', *, *, #1797, .T. ) ;
#2694 = FILL_AREA_STYLE_COLOUR ( '', #2455 ) ;
#2695 =( NAMED_UNIT ( * ) SI_UNIT ( $, .STERADIAN. ) SOLID_ANGLE_UNIT ( ) );
#2696 = ADVANCED_FACE ( 'NONE', ( #1019 ), #2229, .T. ) ;
#2697 = LINE ( 'NONE', #2204, #601 ) ;
#2698 = EDGE_LOOP ( 'NONE', ( #716, #3017, #2193, #379, #2330, #673, #1630, #861, #2605, #481, #2343, #2585 ) ) ;
#2699 = CARTESIAN_POINT ( 'NONE',  ( 4.929999999999999716, 4.634999999999998899, 0.000000000000000000 ) ) ;
#2700 = ORIENTED_EDGE ( 'NONE', *, *, #1713, .T. ) ;
#2701 = CARTESIAN_POINT ( 'NONE',  ( -4.930000000000000604, -4.240148535376294880, 0.1499999999999999944 ) ) ;
#2702 = LINE ( 'NONE', #1494, #1589 ) ;
#2703 = ORIENTED_EDGE ( 'NONE', *, *, #749, .F. ) ;
#2704 =( BOUNDED_CURVE ( )  B_SPLINE_CURVE ( 3, ( #994, #1940, #1748, #1974 ),
 .UNSPECIFIED., .F., .T. ) 
 B_SPLINE_CURVE_WITH_KNOTS ( ( 4, 4 ),
 ( 1.871330610546692014E-16, 1.570796326794898112 ),
 .UNSPECIFIED. ) 
 CURVE ( )  GEOMETRIC_REPRESENTATION_ITEM ( )  RATIONAL_B_SPLINE_CURVE ( ( 1.000000000000000000, 0.8047378541243646044, 0.8047378541243646044, 1.000000000000000000 ) ) 
 REPRESENTATION_ITEM ( '' )  );
#2705 = ORIENTED_EDGE ( 'NONE', *, *, #1565, .F. ) ;
#2706 = CARTESIAN_POINT ( 'NONE',  ( 4.929999999999998828, 4.075582913392048034, 4.629999999999999893 ) ) ;
#2707 = EDGE_CURVE ( 'NONE', #2024, #128, #252, .T. ) ;
#2708 = AXIS2_PLACEMENT_3D ( 'NONE', #1024, #1718, #2681 ) ;
#2709 = CARTESIAN_POINT ( 'NONE',  ( 5.079999999999998295, 4.634999999999998899, 0.1499999999999999667 ) ) ;
#2710 = AXIS2_PLACEMENT_3D ( 'NONE', #2424, #24, #2169 ) ;
#2711 = ORIENTED_EDGE ( 'NONE', *, *, #504, .F. ) ;
#2712 = PLANE ( 'NONE',  #2802 ) ;
#2713 = VECTOR ( 'NONE', #117, 1000.000000000000000 ) ;
#2714 = EDGE_CURVE ( 'NONE', #2528, #1253, #2402, .T. ) ;
#2715 =( GEOMETRIC_REPRESENTATION_CONTEXT ( 3 ) GLOBAL_UNCERTAINTY_ASSIGNED_CONTEXT ( ( #1894 ) ) GLOBAL_UNIT_ASSIGNED_CONTEXT ( ( #2084, #618, #399 ) ) REPRESENTATION_CONTEXT ( 'NONE', 'WORKASPACE' ) );
#2716 = VERTEX_POINT ( 'NONE', #1220 ) ;
#2717 = DIRECTION ( 'NONE',  ( 0.000000000000000000, 0.000000000000000000, -1.000000000000000000 ) ) ;
#2718 = MECHANICAL_DESIGN_GEOMETRIC_PRESENTATION_REPRESENTATION (  '', ( #1846 ), #1540 ) ;
#2719 = PRESENTATION_STYLE_ASSIGNMENT (( #1995 ) ) ;
#2720 = COLOUR_RGB ( '',0.2862745098039215508, 0.2862745098039215508, 0.2862745098039215508 ) ;
#2721 =( LENGTH_UNIT ( ) NAMED_UNIT ( * ) SI_UNIT ( .MILLI., .METRE. ) );
#2722 = ORIENTED_EDGE ( 'NONE', *, *, #2374, .F. ) ;
#2723 = FACE_OUTER_BOUND ( 'NONE', #1946, .T. ) ;
#2724 = VECTOR ( 'NONE', #1932, 1000.000000000000000 ) ;
#2725 = ORIENTED_EDGE ( 'NONE', *, *, #1856, .T. ) ;
#2726 = PRESENTATION_LAYER_ASSIGNMENT (  '', '', ( #944 ) ) ;
#2727 = COLOUR_RGB ( '',0.2862745098039215508, 0.2862745098039215508, 0.2862745098039215508 ) ;
#2728 = AXIS2_PLACEMENT_3D ( 'NONE', #2935, #2476, #2192 ) ;
#2729 = ADVANCED_FACE ( 'NONE', ( #1190 ), #1933, .F. ) ;
#2730 = EDGE_LOOP ( 'NONE', ( #1741, #1376, #2363, #945 ) ) ;
#2731 = CARTESIAN_POINT ( 'NONE',  ( -1.350000000000000089, -6.554999999999999716, 0.000000000000000000 ) ) ;
#2732 = VECTOR ( 'NONE', #1159, 1000.000000000000000 ) ;
#2733 = EDGE_CURVE ( 'NONE', #2748, #2470, #2183, .T. ) ;
#2734 = CARTESIAN_POINT ( 'NONE',  ( -4.400000000000002132, 4.484999999999998543, 1.520000000000000018 ) ) ;
#2735 = FILL_AREA_STYLE ('',( #792 ) ) ;
#2736 = ORIENTED_EDGE ( 'NONE', *, *, #1169, .F. ) ;
#2737 = LINE ( 'NONE', #3004, #723 ) ;
#2738 = DIRECTION ( 'NONE',  ( -0.000000000000000000, -0.000000000000000000, 1.000000000000000000 ) ) ;
#2739 = LINE ( 'NONE', #2496, #2546 ) ;
#2740 = DIRECTION ( 'NONE',  ( 1.734723475976807410E-14, -1.000000000000000000, 0.000000000000000000 ) ) ;
#2741 = VERTEX_POINT ( 'NONE', #1950 ) ;
#2742 = LINE ( 'NONE', #1487, #2155 ) ;
#2743 =( NAMED_UNIT ( * ) SI_UNIT ( $, .STERADIAN. ) SOLID_ANGLE_UNIT ( ) );
#2744 = ADVANCED_FACE ( 'NONE', ( #2924 ), #2943, .T. ) ;
#2745 = FILL_AREA_STYLE_COLOUR ( '', #2027 ) ;
#2746 = DIRECTION ( 'NONE',  ( 0.000000000000000000, 0.000000000000000000, -1.000000000000000000 ) ) ;
#2747 = EDGE_CURVE ( 'NONE', #490, #767, #461, .T. ) ;
#2748 = VERTEX_POINT ( 'NONE', #805 ) ;
#2749 = FACE_OUTER_BOUND ( 'NONE', #229, .T. ) ;
#2750 = PRESENTATION_STYLE_ASSIGNMENT (( #1096 ) ) ;
#2751 = CARTESIAN_POINT ( 'NONE',  ( 4.249999999999998224, 0.000000000000000000, 1.529999999999917204 ) ) ;
#2752 =( NAMED_UNIT ( * ) PLANE_ANGLE_UNIT ( ) SI_UNIT ( $, .RADIAN. ) );
#2753 = VECTOR ( 'NONE', #1563, 1000.000000000000000 ) ;
#2754 = SURFACE_STYLE_USAGE ( .BOTH. , #2993 ) ;
#2755 = AXIS2_PLACEMENT_3D ( 'NONE', #837, #600, #2244 ) ;
#2756 = VECTOR ( 'NONE', #1944, 1000.000000000000000 ) ;
#2757 = DIRECTION ( 'NONE',  ( -2.442576589794817651E-17, 0.1305261922200486313, -0.9914448613738108262 ) ) ;
#2758 = ORIENTED_EDGE ( 'NONE', *, *, #2371, .T. ) ;
#2759 = CARTESIAN_POINT ( 'NONE',  ( 1.350000000000000089, -8.554999999999999716, 1.000000000000000000 ) ) ;
#2760 = MECHANICAL_DESIGN_GEOMETRIC_PRESENTATION_REPRESENTATION (  '', ( #777 ), #661 ) ;
#2761 = AXIS2_PLACEMENT_3D ( 'NONE', #3117, #626, #2331 ) ;
#2762 = AXIS2_PLACEMENT_3D ( 'NONE', #109, #2561, #854 ) ;
#2763 = LINE ( 'NONE', #2305, #2925 ) ;
#2764 = SURFACE_STYLE_USAGE ( .BOTH. , #1795 ) ;
#2765 =( LENGTH_UNIT ( ) NAMED_UNIT ( * ) SI_UNIT ( .MILLI., .METRE. ) );
#2766 = CARTESIAN_POINT ( 'NONE',  ( -1.350000000000000089, -8.054999999999999716, 0.000000000000000000 ) ) ;
#2767 = AXIS2_PLACEMENT_3D ( 'NONE', #1368, #1122, #1872 ) ;
#2768 = ORIENTED_EDGE ( 'NONE', *, *, #2899, .F. ) ;
#2769 = EDGE_CURVE ( 'NONE', #3139, #3114, #1034, .T. ) ;
#2770 = VECTOR ( 'NONE', #756, 1000.000000000000000 ) ;
#2771 = FACE_OUTER_BOUND ( 'NONE', #1890, .T. ) ;
#2772 = AXIS2_PLACEMENT_3D ( 'NONE', #1831, #1151, #3108 ) ;
#2773 = CARTESIAN_POINT ( 'NONE',  ( 3.810000000000000053, -6.554999999999999716, 0.000000000000000000 ) ) ;
#2774 = AXIS2_PLACEMENT_3D ( 'NONE', #1711, #2890, #2450 ) ;
#2775 =( GEOMETRIC_REPRESENTATION_CONTEXT ( 3 ) GLOBAL_UNCERTAINTY_ASSIGNED_CONTEXT ( ( #969 ) ) GLOBAL_UNIT_ASSIGNED_CONTEXT ( ( #1631, #1517, #1229 ) ) REPRESENTATION_CONTEXT ( 'NONE', 'WORKASPACE' ) );
#2776 = SURFACE_SIDE_STYLE ('',( #2545 ) ) ;
#2777 = VERTEX_POINT ( 'NONE', #2282 ) ;
#2778 = PRESENTATION_STYLE_ASSIGNMENT (( #3010 ) ) ;
#2779 = SURFACE_STYLE_FILL_AREA ( #582 ) ;
#2780 = MECHANICAL_DESIGN_GEOMETRIC_PRESENTATION_REPRESENTATION (  '', ( #1977 ), #536 ) ;
#2781 = PRESENTATION_STYLE_ASSIGNMENT (( #2507 ) ) ;
#2782 = COLOUR_RGB ( '',0.2862745098039215508, 0.2862745098039215508, 0.2862745098039215508 ) ;
#2783 = CARTESIAN_POINT ( 'NONE',  ( -4.100000000000002309, -2.225000000000002309, 1.529999999999917204 ) ) ;
#2784 = FACE_OUTER_BOUND ( 'NONE', #392, .T. ) ;
#2785 = ORIENTED_EDGE ( 'NONE', *, *, #215, .F. ) ;
#2786 = CARTESIAN_POINT ( 'NONE',  ( -4.930000000000002380, 4.634999999999998899, 0.000000000000000000 ) ) ;
#2787 = FILL_AREA_STYLE_COLOUR ( '', #2224 ) ;
#2788 = SURFACE_STYLE_USAGE ( .BOTH. , #2020 ) ;
#2789 = ADVANCED_FACE ( 'NONE', ( #2723 ), #1813, .F. ) ;
#2790 = ORIENTED_EDGE ( 'NONE', *, *, #2259, .T. ) ;
#2791 = FACE_OUTER_BOUND ( 'NONE', #398, .T. ) ;
#2792 = DIRECTION ( 'NONE',  ( 0.000000000000000000, -0.000000000000000000, 1.000000000000000000 ) ) ;
#2793 = CARTESIAN_POINT ( 'NONE',  ( 0.000000000000000000, -2.375000000000002220, 1.529999999999917204 ) ) ;
#2794 = CARTESIAN_POINT ( 'NONE',  ( 5.079999999999999183, -4.572867965644038080, 2.004072348683522353 ) ) ;
#2795 = DIRECTION ( 'NONE',  ( -1.000000000000000000, 0.000000000000000000, 0.000000000000000000 ) ) ;
#2796 = ORIENTED_EDGE ( 'NONE', *, *, #669, .F. ) ;
#2797 = FILL_AREA_STYLE ('',( #63 ) ) ;
#2798 = CARTESIAN_POINT ( 'NONE',  ( 5.079999999999998295, 4.634999999999998899, 1.529999999999917204 ) ) ;
#2799 = DIRECTION ( 'NONE',  ( 0.000000000000000000, -0.000000000000000000, 1.000000000000000000 ) ) ;
#2800 = SURFACE_STYLE_FILL_AREA ( #1778 ) ;
#2801 =( NAMED_UNIT ( * ) SI_UNIT ( $, .STERADIAN. ) SOLID_ANGLE_UNIT ( ) );
#2802 = AXIS2_PLACEMENT_3D ( 'NONE', #2221, #2913, #1454 ) ;
#2803 = ORIENTED_EDGE ( 'NONE', *, *, #318, .F. ) ;
#2804 = EDGE_CURVE ( 'NONE', #2595, #1989, #2154, .T. ) ;
#2805 = VECTOR ( 'NONE', #1525, 1000.000000000000000 ) ;
#2806 = CARTESIAN_POINT ( 'NONE',  ( -4.930000000000000604, -4.341414930380106618, 4.779999999999999361 ) ) ;
#2807 = EDGE_CURVE ( 'NONE', #2595, #2028, #2808, .T. ) ;
#2808 = CIRCLE ( 'NONE', #2460, 0.4999999999999998890 ) ;
#2809 = SURFACE_SIDE_STYLE ('',( #1104 ) ) ;
#2810 = VECTOR ( 'NONE', #2537, 1000.000000000000000 ) ;
#2811 = DIRECTION ( 'NONE',  ( 1.000000000000000000, 0.000000000000000000, 0.000000000000000000 ) ) ;
#2812 = CARTESIAN_POINT ( 'NONE',  ( -4.250000000000001776, -2.225000000000002309, 0.000000000000000000 ) ) ;
#2813 = VECTOR ( 'NONE', #1248, 1000.000000000000000 ) ;
#2814 = VECTOR ( 'NONE', #282, 1000.000000000000000 ) ;
#2815 = ORIENTED_EDGE ( 'NONE', *, *, #60, .T. ) ;
#2816 = DIRECTION ( 'NONE',  ( -5.782411586589359611E-15, -1.000000000000000000, -0.000000000000000000 ) ) ;
#2817 = VECTOR ( 'NONE', #1677, 1000.000000000000000 ) ;
#2818 = CARTESIAN_POINT ( 'NONE',  ( 3.810000000000000053, -4.634999999999999787, 2.024999999999993694 ) ) ;
#2819 = CARTESIAN_POINT ( 'NONE',  ( 5.080000000000000071, -4.388865264582364922, 0.1304210711669928080 ) ) ;
#2820 =( NAMED_UNIT ( * ) SI_UNIT ( $, .STERADIAN. ) SOLID_ANGLE_UNIT ( ) );
#2821 = STYLED_ITEM ( 'NONE', ( #2919 ), #299 ) ;
#2822 = VERTEX_POINT ( 'NONE', #3001 ) ;
#2823 = DIRECTION ( 'NONE',  ( 0.000000000000000000, -1.000000000000000000, 0.000000000000000000 ) ) ;
#2824 = EDGE_LOOP ( 'NONE', ( #1418, #641, #96, #1614 ) ) ;
#2825 = EDGE_CURVE ( 'NONE', #3098, #2959, #2505, .T. ) ;
#2826 = CARTESIAN_POINT ( 'NONE',  ( -5.080000000000001847, 4.634999999999998899, 1.520000000000000018 ) ) ;
#2827 = LINE ( 'NONE', #1062, #2810 ) ;
#2828 = DIRECTION ( 'NONE',  ( 1.000000000000000000, -0.000000000000000000, 0.000000000000000000 ) ) ;
#2829 = AXIS2_PLACEMENT_3D ( 'NONE', #568, #1326, #596 ) ;
#2830 = CARTESIAN_POINT ( 'NONE',  ( 0.000000000000000000, -1.841414930380106174, 4.779999999999999361 ) ) ;
#2831 = CARTESIAN_POINT ( 'NONE',  ( -5.080000000000001847, 4.572867965644033639, 1.525927651316471900 ) ) ;
#2832 = FILL_AREA_STYLE ('',( #1814 ) ) ;
#2833 = ADVANCED_FACE ( 'NONE', ( #2784 ), #2256, .T. ) ;
#2834 = PRESENTATION_LAYER_ASSIGNMENT (  '', '', ( #2173 ) ) ;
#2835 = SURFACE_SIDE_STYLE ('',( #196 ) ) ;
#2836 = VERTEX_POINT ( 'NONE', #3031 ) ;
#2837 = CARTESIAN_POINT ( 'NONE',  ( -2.309999999999999609, 0.000000000000000000, 2.524999999999994138 ) ) ;
#2838 = EDGE_LOOP ( 'NONE', ( #951, #2711, #2485, #419 ) ) ;
#2839 = FACE_OUTER_BOUND ( 'NONE', #1486, .T. ) ;
#2840 = CARTESIAN_POINT ( 'NONE',  ( -3.810000000000000053, -4.634999999999999787, 2.524999999999994138 ) ) ;
#2841 = VERTEX_POINT ( 'NONE', #555 ) ;
#2842 = SURFACE_STYLE_USAGE ( .BOTH. , #394 ) ;
#2843 = CARTESIAN_POINT ( 'NONE',  ( 3.706276771007177014E-16, -4.341414930380106618, 4.779999999999999361 ) ) ;
#2844 =( LENGTH_UNIT ( ) NAMED_UNIT ( * ) SI_UNIT ( .MILLI., .METRE. ) );
#2845 = UNCERTAINTY_MEASURE_WITH_UNIT (LENGTH_MEASURE( 1.000000000000000082E-05 ), #474, 'distance_accuracy_value', 'NONE');
#2846 = EDGE_CURVE ( 'NONE', #3114, #2015, #585, .T. ) ;
#2847 =( BOUNDED_CURVE ( )  B_SPLINE_CURVE ( 3, ( #1234, #2196, #1674, #1184 ),
 .UNSPECIFIED., .F., .T. ) 
 B_SPLINE_CURVE_WITH_KNOTS ( ( 4, 4 ),
 ( 1.570796326794896780, 3.141592653589787787 ),
 .UNSPECIFIED. ) 
 CURVE ( )  GEOMETRIC_REPRESENTATION_ITEM ( )  RATIONAL_B_SPLINE_CURVE ( ( 1.000000000000000000, 0.8047378541243662697, 0.8047378541243662697, 1.000000000000000000 ) ) 
 REPRESENTATION_ITEM ( '' )  );
#2848 = ORIENTED_EDGE ( 'NONE', *, *, #2804, .F. ) ;
#2849 =( NAMED_UNIT ( * ) PLANE_ANGLE_UNIT ( ) SI_UNIT ( $, .RADIAN. ) );
#2850 = EDGE_CURVE ( 'NONE', #791, #1999, #3014, .T. ) ;
#2851 = ORIENTED_EDGE ( 'NONE', *, *, #1878, .T. ) ;
#2852 = CARTESIAN_POINT ( 'NONE',  ( 5.079999999999998295, 4.484999999999998543, 1.520168480577632764 ) ) ;
#2853 = FILL_AREA_STYLE_COLOUR ( '', #2864 ) ;
#2854 =( NAMED_UNIT ( * ) PLANE_ANGLE_UNIT ( ) SI_UNIT ( $, .RADIAN. ) );
#2855 = FILL_AREA_STYLE_COLOUR ( '', #1662 ) ;
#2856 = SURFACE_STYLE_FILL_AREA ( #3137 ) ;
#2857 = ORIENTED_EDGE ( 'NONE', *, *, #1818, .F. ) ;
#2858 = EDGE_LOOP ( 'NONE', ( #297, #2684, #2242, #2637 ) ) ;
#2859 = DIRECTION ( 'NONE',  ( 0.000000000000000000, 1.000000000000000000, 5.782411586589358822E-15 ) ) ;
#2860 = ORIENTED_EDGE ( 'NONE', *, *, #943, .T. ) ;
#2861 = CARTESIAN_POINT ( 'NONE',  ( -4.930000000000000604, -4.485000000000000320, 1.520000000000000018 ) ) ;
#2862 = CARTESIAN_POINT ( 'NONE',  ( -5.080000000000000071, -4.485000000000000320, 2.540168480577672305 ) ) ;
#2863 =( NAMED_UNIT ( * ) PLANE_ANGLE_UNIT ( ) SI_UNIT ( $, .RADIAN. ) );
#2864 = COLOUR_RGB ( '',0.2862745098039215508, 0.2862745098039215508, 0.2862745098039215508 ) ;
#2865 =( GEOMETRIC_REPRESENTATION_CONTEXT ( 3 ) GLOBAL_UNCERTAINTY_ASSIGNED_CONTEXT ( ( #2435 ) ) GLOBAL_UNIT_ASSIGNED_CONTEXT ( ( #1156, #2849, #3127 ) ) REPRESENTATION_CONTEXT ( 'NONE', 'WORKASPACE' ) );
#2866 = AXIS2_PLACEMENT_3D ( 'NONE', #2905, #2613, #703 ) ;
#2867 = CARTESIAN_POINT ( 'NONE',  ( 5.080000000000000071, 0.000000000000000000, 1.529999999999917204 ) ) ;
#2868 = CARTESIAN_POINT ( 'NONE',  ( -4.250000000000001776, 4.634999999999998899, 1.529999999999917204 ) ) ;
#2869 = CIRCLE ( 'NONE', #1491, 0.1499999999999998834 ) ;
#2870 = EDGE_CURVE ( 'NONE', #253, #1518, #118, .T. ) ;
#2871 = ORIENTED_EDGE ( 'NONE', *, *, #2511, .T. ) ;
#2872 = PRESENTATION_STYLE_ASSIGNMENT (( #2369 ) ) ;
#2873 =( LENGTH_UNIT ( ) NAMED_UNIT ( * ) SI_UNIT ( .MILLI., .METRE. ) );
#2874 = CARTESIAN_POINT ( 'NONE',  ( 4.930000000000000604, -4.209868460931192047, 4.629999999999999893 ) ) ;
#2875 = EDGE_CURVE ( 'NONE', #1822, #463, #986, .T. ) ;
#2876 = DIRECTION ( 'NONE',  ( -0.000000000000000000, -0.000000000000000000, 1.000000000000000000 ) ) ;
#2877 = FILL_AREA_STYLE_COLOUR ( '', #272 ) ;
#2878 = COLOUR_RGB ( '',0.2862745098039215508, 0.2862745098039215508, 0.2862745098039215508 ) ;
#2879 = ORIENTED_EDGE ( 'NONE', *, *, #1451, .F. ) ;
#2880 = MECHANICAL_DESIGN_GEOMETRIC_PRESENTATION_REPRESENTATION (  '', ( #1090 ), #3088 ) ;
#2881 = ORIENTED_EDGE ( 'NONE', *, *, #3065, .F. ) ;
#2882 = SPHERICAL_SURFACE ( 'NONE', #1590, 0.1499999999999999944 ) ;
#2883 = DIRECTION ( 'NONE',  ( -1.000000000000000000, -8.537024980200820092E-17, -0.000000000000000000 ) ) ;
#2884 = ORIENTED_EDGE ( 'NONE', *, *, #2262, .F. ) ;
#2885 =( NAMED_UNIT ( * ) PLANE_ANGLE_UNIT ( ) SI_UNIT ( $, .RADIAN. ) );
#2886 = FACE_OUTER_BOUND ( 'NONE', #78, .T. ) ;
#2887 = VECTOR ( 'NONE', #1885, 1000.000000000000000 ) ;
#2888 = PRESENTATION_LAYER_ASSIGNMENT (  '', '', ( #1812 ) ) ;
#2889 = EDGE_LOOP ( 'NONE', ( #2309, #909, #1841, #2089 ) ) ;
#2890 = DIRECTION ( 'NONE',  ( 0.000000000000000000, 0.000000000000000000, 1.000000000000000000 ) ) ;
#2891 =( NAMED_UNIT ( * ) SI_UNIT ( $, .STERADIAN. ) SOLID_ANGLE_UNIT ( ) );
#2892 = PRESENTATION_LAYER_ASSIGNMENT (  '', '', ( #1977 ) ) ;
#2893 = ORIENTED_EDGE ( 'NONE', *, *, #2804, .T. ) ;
#2894 = CARTESIAN_POINT ( 'NONE',  ( 4.249999999999998224, -2.225000000000002309, 1.529999999999917204 ) ) ;
#2895 =( GEOMETRIC_REPRESENTATION_CONTEXT ( 3 ) GLOBAL_UNCERTAINTY_ASSIGNED_CONTEXT ( ( #1737 ) ) GLOBAL_UNIT_ASSIGNED_CONTEXT ( ( #1364, #2623, #1377 ) ) REPRESENTATION_CONTEXT ( 'NONE', 'WORKASPACE' ) );
#2896 = CARTESIAN_POINT ( 'NONE',  ( 3.810000000000000053, -4.634999999999999787, 2.024999999999993694 ) ) ;
#2897 = SURFACE_STYLE_FILL_AREA ( #650 ) ;
#2898 = FACE_OUTER_BOUND ( 'NONE', #2184, .T. ) ;
#2899 = EDGE_CURVE ( 'NONE', #2201, #2946, #344, .T. ) ;
#2900 = SURFACE_STYLE_FILL_AREA ( #2578 ) ;
#2901 = ADVANCED_FACE ( 'NONE', ( #105 ), #1266, .F. ) ;
#2902 = PLANE ( 'NONE',  #996 ) ;
#2903 = ORIENTED_EDGE ( 'NONE', *, *, #2747, .T. ) ;
#2904 = CARTESIAN_POINT ( 'NONE',  ( -4.100000000000002309, -2.225000000000002309, 1.529999999999917204 ) ) ;
#2905 = CARTESIAN_POINT ( 'NONE',  ( 1.350000000000000089, -8.054999999999999716, 1.000000000000000000 ) ) ;
#2906 = VERTEX_POINT ( 'NONE', #1049 ) ;
#2907 = FACE_OUTER_BOUND ( 'NONE', #1828, .T. ) ;
#2908 = FILL_AREA_STYLE_COLOUR ( '', #870 ) ;
#2909 = ORIENTED_EDGE ( 'NONE', *, *, #1195, .F. ) ;
#2910 = LINE ( 'NONE', #2655, #2253 ) ;
#2911 = CARTESIAN_POINT ( 'NONE',  ( -5.080000000000001847, 4.486283270793927080, 1.510421071166910156 ) ) ;
#2912 = DIRECTION ( 'NONE',  ( 0.000000000000000000, 0.000000000000000000, 1.000000000000000000 ) ) ;
#2913 = DIRECTION ( 'NONE',  ( 0.000000000000000000, -1.000000000000000000, 0.000000000000000000 ) ) ;
#2914 = CARTESIAN_POINT ( 'NONE',  ( 4.249999999999998224, -2.375000000000002220, -0.000000000000000000 ) ) ;
#2915 = ORIENTED_EDGE ( 'NONE', *, *, #669, .T. ) ;
#2916 = EDGE_CURVE ( 'NONE', #1733, #654, #1063, .T. ) ;
#2917 = SURFACE_STYLE_FILL_AREA ( #766 ) ;
#2918 = ORIENTED_EDGE ( 'NONE', *, *, #746, .T. ) ;
#2919 = PRESENTATION_STYLE_ASSIGNMENT (( #1439 ) ) ;
#2920 = UNCERTAINTY_MEASURE_WITH_UNIT (LENGTH_MEASURE( 1.000000000000000082E-05 ), #2526, 'distance_accuracy_value', 'NONE');
#2921 = ADVANCED_FACE ( 'NONE', ( #1535 ), #2527, .F. ) ;
#2922 = VECTOR ( 'NONE', #1905, 1000.000000000000000 ) ;
#2923 = LINE ( 'NONE', #1425, #1452 ) ;
#2924 = FACE_OUTER_BOUND ( 'NONE', #1092, .T. ) ;
#2925 = VECTOR ( 'NONE', #1113, 1000.000000000000000 ) ;
#2926 = EDGE_LOOP ( 'NONE', ( #2918, #2978, #3055, #456 ) ) ;
#2927 = CARTESIAN_POINT ( 'NONE',  ( -4.250000000000001776, 4.634999999999998899, 0.000000000000000000 ) ) ;
#2928 = CARTESIAN_POINT ( 'NONE',  ( -0.4999999999999998890, -6.635000000000000675, 2.024999999999993694 ) ) ;
#2929 = AXIS2_PLACEMENT_3D ( 'NONE', #1033, #2491, #771 ) ;
#2930 = DIRECTION ( 'NONE',  ( 0.000000000000000000, 0.000000000000000000, 1.000000000000000000 ) ) ;
#2931 = STYLED_ITEM ( 'NONE', ( #2778 ), #1988 ) ;
#2932 = PRESENTATION_LAYER_ASSIGNMENT (  '', '', ( #1183 ) ) ;
#2933 = DIRECTION ( 'NONE',  ( 1.000000000000000000, 0.000000000000000000, 0.000000000000000000 ) ) ;
#2934 = ORIENTED_EDGE ( 'NONE', *, *, #64, .T. ) ;
#2935 = CARTESIAN_POINT ( 'NONE',  ( 4.399999999999998579, 4.484999999999998543, 1.529999999999917204 ) ) ;
#2936 = AXIS2_PLACEMENT_3D ( 'NONE', #952, #2131, #1188 ) ;
#2937 = DIRECTION ( 'NONE',  ( 1.000000000000000000, -0.000000000000000000, 0.000000000000000000 ) ) ;
#2938 = ORIENTED_EDGE ( 'NONE', *, *, #1471, .T. ) ;
#2939 = DIRECTION ( 'NONE',  ( -1.000000000000000000, -1.871330610546721350E-16, 0.000000000000000000 ) ) ;
#2940 = EDGE_CURVE ( 'NONE', #2028, #2283, #1490, .T. ) ;
#2941 = CARTESIAN_POINT ( 'NONE',  ( 4.930000000000000604, -4.341414930380106618, 4.779999999999999361 ) ) ;
#2942 =( GEOMETRIC_REPRESENTATION_CONTEXT ( 3 ) GLOBAL_UNCERTAINTY_ASSIGNED_CONTEXT ( ( #2180 ) ) GLOBAL_UNIT_ASSIGNED_CONTEXT ( ( #530, #57, #787 ) ) REPRESENTATION_CONTEXT ( 'NONE', 'WORKASPACE' ) );
#2943 = PLANE ( 'NONE',  #66 ) ;
#2944 = EDGE_CURVE ( 'NONE', #2390, #2217, #876, .T. ) ;
#2945 = PRESENTATION_LAYER_ASSIGNMENT (  '', '', ( #2171 ) ) ;
#2946 = VERTEX_POINT ( 'NONE', #2914 ) ;
#2947 = CARTESIAN_POINT ( 'NONE',  ( 3.810000000000000053, 0.000000000000000000, 0.5000000000000000000 ) ) ;
#2948 = COLOUR_RGB ( '',0.2862745098039215508, 0.2862745098039215508, 0.2862745098039215508 ) ;
#2949 = VECTOR ( 'NONE', #3083, 1000.000000000000000 ) ;
#2950 = CARTESIAN_POINT ( 'NONE',  ( -2.309999999999999609, -6.635000000000000675, 2.024999999999993694 ) ) ;
#2951 = FACE_OUTER_BOUND ( 'NONE', #249, .T. ) ;
#2952 = ORIENTED_EDGE ( 'NONE', *, *, #1445, .F. ) ;
#2953 = FACE_OUTER_BOUND ( 'NONE', #2293, .T. ) ;
#2954 = VERTEX_POINT ( 'NONE', #715 ) ;
#2955 =( LENGTH_UNIT ( ) NAMED_UNIT ( * ) SI_UNIT ( .MILLI., .METRE. ) );
#2956 = UNCERTAINTY_MEASURE_WITH_UNIT (LENGTH_MEASURE( 1.000000000000000082E-05 ), #1921, 'distance_accuracy_value', 'NONE');
#2957 = EDGE_LOOP ( 'NONE', ( #2477, #1437, #2962 ) ) ;
#2958 = DIRECTION ( 'NONE',  ( 0.000000000000000000, -1.000000000000000000, 0.000000000000000000 ) ) ;
#2959 = VERTEX_POINT ( 'NONE', #2641 ) ;
#2960 = ADVANCED_FACE ( 'NONE', ( #679 ), #1698, .T. ) ;
#2961 = DIRECTION ( 'NONE',  ( -0.000000000000000000, 0.000000000000000000, 1.000000000000000000 ) ) ;
#2962 = ORIENTED_EDGE ( 'NONE', *, *, #2329, .F. ) ;
#2963 = PLANE ( 'NONE',  #2506 ) ;
#2964 = CARTESIAN_POINT ( 'NONE',  ( 3.810000000000000053, -8.054999999999999716, 1.524999999999994138 ) ) ;
#2965 = ORIENTED_EDGE ( 'NONE', *, *, #504, .T. ) ;
#2966 =( NAMED_UNIT ( * ) SI_UNIT ( $, .STERADIAN. ) SOLID_ANGLE_UNIT ( ) );
#2967 =( GEOMETRIC_REPRESENTATION_CONTEXT ( 3 ) GLOBAL_UNCERTAINTY_ASSIGNED_CONTEXT ( ( #1255 ) ) GLOBAL_UNIT_ASSIGNED_CONTEXT ( ( #1990, #2471, #2966 ) ) REPRESENTATION_CONTEXT ( 'NONE', 'WORKASPACE' ) );
#2968 = EDGE_CURVE ( 'NONE', #1496, #490, #3006, .T. ) ;
#2969 =( GEOMETRIC_REPRESENTATION_CONTEXT ( 3 ) GLOBAL_UNCERTAINTY_ASSIGNED_CONTEXT ( ( #2615 ) ) GLOBAL_UNIT_ASSIGNED_CONTEXT ( ( #709, #1987, #759 ) ) REPRESENTATION_CONTEXT ( 'NONE', 'WORKASPACE' ) );
#2970 = CARTESIAN_POINT ( 'NONE',  ( -1.350000000000000089, -8.054999999999999716, 2.524999999999994138 ) ) ;
#2971 =( GEOMETRIC_REPRESENTATION_CONTEXT ( 3 ) GLOBAL_UNCERTAINTY_ASSIGNED_CONTEXT ( ( #2114 ) ) GLOBAL_UNIT_ASSIGNED_CONTEXT ( ( #1891, #445, #658 ) ) REPRESENTATION_CONTEXT ( 'NONE', 'WORKASPACE' ) );
#2972 = CARTESIAN_POINT ( 'NONE',  ( -4.930000000000000604, -4.209868460931192047, 4.629999999999999893 ) ) ;
#2973 = FILL_AREA_STYLE_COLOUR ( '', #2165 ) ;
#2974 = ADVANCED_FACE ( 'NONE', ( #604 ), #540, .T. ) ;
#2975 = MECHANICAL_DESIGN_GEOMETRIC_PRESENTATION_REPRESENTATION (  '', ( #1183 ), #367 ) ;
#2976 = CIRCLE ( 'NONE', #2761, 0.1499999999999999667 ) ;
#2977 = DIRECTION ( 'NONE',  ( -1.000000000000000000, -0.000000000000000000, -0.000000000000000000 ) ) ;
#2978 = ORIENTED_EDGE ( 'NONE', *, *, #1451, .T. ) ;
#2979 = CARTESIAN_POINT ( 'NONE',  ( 2.309999999999999609, 0.000000000000000000, 2.524999999999994138 ) ) ;
#2980 = VECTOR ( 'NONE', #133, 1000.000000000000000 ) ;
#2981 = LINE ( 'NONE', #1467, #67 ) ;
#2982 = LINE ( 'NONE', #727, #2770 ) ;
#2983 = FILL_AREA_STYLE_COLOUR ( '', #35 ) ;
#2984 = ORIENTED_EDGE ( 'NONE', *, *, #781, .F. ) ;
#2985 = DIRECTION ( 'NONE',  ( 0.000000000000000000, -1.000000000000000000, 0.000000000000000000 ) ) ;
#2986 =( GEOMETRIC_REPRESENTATION_CONTEXT ( 3 ) GLOBAL_UNCERTAINTY_ASSIGNED_CONTEXT ( ( #2649 ) ) GLOBAL_UNIT_ASSIGNED_CONTEXT ( ( #182, #721, #2414 ) ) REPRESENTATION_CONTEXT ( 'NONE', 'WORKASPACE' ) );
#2987 = ORIENTED_EDGE ( 'NONE', *, *, #1539, .T. ) ;
#2988 = DIRECTION ( 'NONE',  ( 1.000000000000000000, 0.000000000000000000, 0.000000000000000000 ) ) ;
#2989 = AXIS2_PLACEMENT_3D ( 'NONE', #1276, #2025, #2999 ) ;
#2990 = SURFACE_STYLE_FILL_AREA ( #1303 ) ;
#2991 = MECHANICAL_DESIGN_GEOMETRIC_PRESENTATION_REPRESENTATION (  '', ( #1812 ), #126 ) ;
#2992 = EDGE_CURVE ( 'NONE', #2822, #875, #2704, .T. ) ;
#2993 = SURFACE_SIDE_STYLE ('',( #2800 ) ) ;
#2994 = VECTOR ( 'NONE', #1953, 1000.000000000000000 ) ;
#2995 = DIRECTION ( 'NONE',  ( 0.000000000000000000, 0.000000000000000000, -1.000000000000000000 ) ) ;
#2996 = ORIENTED_EDGE ( 'NONE', *, *, #2633, .F. ) ;
#2997 = DIRECTION ( 'NONE',  ( 5.782411586589358822E-15, 1.000000000000000000, 0.000000000000000000 ) ) ;
#2998 = EDGE_CURVE ( 'NONE', #2217, #2140, #1592, .T. ) ;
#2999 = DIRECTION ( 'NONE',  ( -1.000000000000000000, 0.000000000000000000, 0.000000000000000000 ) ) ;
#3000 = LINE ( 'NONE', #2269, #21 ) ;
#3001 = CARTESIAN_POINT ( 'NONE',  ( -4.930000000000000604, -4.634999999999999787, 2.000000000000047073 ) ) ;
#3002 = DIRECTION ( 'NONE',  ( 1.871330610546718145E-16, -1.000000000000000000, 0.000000000000000000 ) ) ;
#3003 = VERTEX_POINT ( 'NONE', #2474 ) ;
#3004 = CARTESIAN_POINT ( 'NONE',  ( 3.810000000000000053, 0.000000000000000000, 2.524999999999994138 ) ) ;
#3005 = CARTESIAN_POINT ( 'NONE',  ( 0.000000000000000000, -1.841414930380106174, 4.679999999999998828 ) ) ;
#3006 = LINE ( 'NONE', #2532, #27 ) ;
#3007 =( NAMED_UNIT ( * ) PLANE_ANGLE_UNIT ( ) SI_UNIT ( $, .RADIAN. ) );
#3008 = CARTESIAN_POINT ( 'NONE',  ( -4.250000000000001776, 4.484999999999998543, -0.000000000000000000 ) ) ;
#3009 = EDGE_LOOP ( 'NONE', ( #1396, #1323, #963, #1673 ) ) ;
#3010 = SURFACE_STYLE_USAGE ( .BOTH. , #1101 ) ;
#3011 =( NAMED_UNIT ( * ) PLANE_ANGLE_UNIT ( ) SI_UNIT ( $, .RADIAN. ) );
#3012 = EDGE_CURVE ( 'NONE', #2332, #794, #1456, .T. ) ;
#3013 = LINE ( 'NONE', #584, #869 ) ;
#3014 = LINE ( 'NONE', #2294, #3073 ) ;
#3015 = ORIENTED_EDGE ( 'NONE', *, *, #1576, .T. ) ;
#3016 = ADVANCED_FACE ( 'NONE', ( #1011 ), #1498, .F. ) ;
#3017 = ORIENTED_EDGE ( 'NONE', *, *, #1642, .T. ) ;
#3018 = CARTESIAN_POINT ( 'NONE',  ( -4.250000000000001776, -2.375000000000002220, 0.000000000000000000 ) ) ;
#3019 = SURFACE_SIDE_STYLE ('',( #2273 ) ) ;
#3020 = SURFACE_STYLE_USAGE ( .BOTH. , #2274 ) ;
#3021 = VECTOR ( 'NONE', #1414, 1000.000000000000000 ) ;
#3022 = CYLINDRICAL_SURFACE ( 'NONE', #1495, 0.1499999999999999667 ) ;
#3023 = MECHANICAL_DESIGN_GEOMETRIC_PRESENTATION_REPRESENTATION (  '', ( #1840 ), #2865 ) ;
#3024 = AXIS2_PLACEMENT_3D ( 'NONE', #2734, #554, #2400 ) ;
#3025 = CARTESIAN_POINT ( 'NONE',  ( -5.080000000000001847, 4.634999999999998899, 1.529999999999917204 ) ) ;
#3026 =( LENGTH_UNIT ( ) NAMED_UNIT ( * ) SI_UNIT ( .MILLI., .METRE. ) );
#3027 = VECTOR ( 'NONE', #288, 1000.000000000000000 ) ;
#3028 = COLOUR_RGB ( '',0.2862745098039215508, 0.2862745098039215508, 0.2862745098039215508 ) ;
#3029 = FILL_AREA_STYLE ('',( #2745 ) ) ;
#3030 = PRESENTATION_LAYER_ASSIGNMENT (  '', '', ( #1962 ) ) ;
#3031 = CARTESIAN_POINT ( 'NONE',  ( 1.350000000000000089, -8.054999999999999716, 0.5000000000000000000 ) ) ;
#3032 = ADVANCED_FACE ( 'NONE', ( #2951 ), #523, .T. ) ;
#3033 = ORIENTED_EDGE ( 'NONE', *, *, #1964, .T. ) ;
#3034 = AXIS2_PLACEMENT_3D ( 'NONE', #3093, #1603, #180 ) ;
#3035 = DIRECTION ( 'NONE',  ( 1.000000000000000000, 0.000000000000000000, 0.000000000000000000 ) ) ;
#3036 = ADVANCED_FACE ( 'NONE', ( #2222 ), #1803, .T. ) ;
#3037 = CARTESIAN_POINT ( 'NONE',  ( 5.017867965644033923, 4.634999999999998899, 1.529999999999916982 ) ) ;
#3038 = FILL_AREA_STYLE_COLOUR ( '', #1952 ) ;
#3039 = AXIS2_PLACEMENT_3D ( 'NONE', #1947, #499, #931 ) ;
#3040 = CARTESIAN_POINT ( 'NONE',  ( 5.080000000000000071, -4.240148535376294880, 0.1499999999999999944 ) ) ;
#3041 = VERTEX_POINT ( 'NONE', #799 ) ;
#3042 = CARTESIAN_POINT ( 'NONE',  ( 0.000000000000000000, -1.841414930380106174, 4.629999999999999893 ) ) ;
#3043 = LINE ( 'NONE', #1338, #2670 ) ;
#3044 = PRESENTATION_LAYER_ASSIGNMENT (  '', '', ( #841 ) ) ;
#3045 =( NAMED_UNIT ( * ) SI_UNIT ( $, .STERADIAN. ) SOLID_ANGLE_UNIT ( ) );
#3046 = COLOUR_RGB ( '',0.2862745098039215508, 0.2862745098039215508, 0.2862745098039215508 ) ;
#3047 = CARTESIAN_POINT ( 'NONE',  ( -0.000000000000000000, -7.705000000000000071, 2.524999999999994138 ) ) ;
#3048 = SURFACE_STYLE_USAGE ( .BOTH. , #644 ) ;
#3049 = ADVANCED_FACE ( 'NONE', ( #86 ), #3022, .F. ) ;
#3050 = VERTEX_POINT ( 'NONE', #2087 ) ;
#3051 = DIRECTION ( 'NONE',  ( 1.000000000000000000, 0.000000000000000000, 0.000000000000000000 ) ) ;
#3052 = ADVANCED_FACE ( 'NONE', ( #2898 ), #170, .F. ) ;
#3053 = CARTESIAN_POINT ( 'NONE',  ( 5.079999999999998295, 4.572867965644033639, 1.525927651316471456 ) ) ;
#3054 = DIRECTION ( 'NONE',  ( 0.000000000000000000, 1.000000000000000000, 0.000000000000000000 ) ) ;
#3055 = ORIENTED_EDGE ( 'NONE', *, *, #1094, .F. ) ;
#3056 = CARTESIAN_POINT ( 'NONE',  ( 4.929999999999998828, 4.634999999999998899, 1.529999999999917204 ) ) ;
#3057 = SURFACE_STYLE_FILL_AREA ( #366 ) ;
#3058 = SURFACE_STYLE_FILL_AREA ( #2049 ) ;
#3059 = FACE_OUTER_BOUND ( 'NONE', #29, .T. ) ;
#3060 = DIRECTION ( 'NONE',  ( 1.000000000000000000, -0.000000000000000000, 0.000000000000000000 ) ) ;
#3061 = EDGE_LOOP ( 'NONE', ( #2629, #345, #1007, #2448 ) ) ;
#3062 = CARTESIAN_POINT ( 'NONE',  ( 0.000000000000000000, -1.841414930380106174, 4.629999999999999893 ) ) ;
#3063 = DIRECTION ( 'NONE',  ( -0.000000000000000000, 0.000000000000000000, 1.000000000000000000 ) ) ;
#3064 = FILL_AREA_STYLE ('',( #889 ) ) ;
#3065 = EDGE_CURVE ( 'NONE', #1822, #2323, #1132, .T. ) ;
#3066 = AXIS2_PLACEMENT_3D ( 'NONE', #2372, #2876, #678 ) ;
#3067 = ORIENTED_EDGE ( 'NONE', *, *, #943, .F. ) ;
#3068 = DIRECTION ( 'NONE',  ( 0.000000000000000000, -1.000000000000000000, -0.000000000000000000 ) ) ;
#3069 = EDGE_CURVE ( 'NONE', #1632, #1460, #783, .T. ) ;
#3070 = PRESENTATION_LAYER_ASSIGNMENT (  '', '', ( #1954 ) ) ;
#3071 = VECTOR ( 'NONE', #414, 1000.000000000000000 ) ;
#3072 = LINE ( 'NONE', #630, #213 ) ;
#3073 = VECTOR ( 'NONE', #1784, 1000.000000000000000 ) ;
#3074 = DIRECTION ( 'NONE',  ( -0.000000000000000000, 0.000000000000000000, -1.000000000000000000 ) ) ;
#3075 = PRESENTATION_LAYER_ASSIGNMENT (  '', '', ( #1038 ) ) ;
#3076 = UNCERTAINTY_MEASURE_WITH_UNIT (LENGTH_MEASURE( 1.000000000000000082E-05 ), #2873, 'distance_accuracy_value', 'NONE');
#3077 = MECHANICAL_DESIGN_GEOMETRIC_PRESENTATION_REPRESENTATION (  '', ( #2659 ), #1187 ) ;
#3078 = CIRCLE ( 'NONE', #3066, 0.1499999999999999667 ) ;
#3079 = ORIENTED_EDGE ( 'NONE', *, *, #1749, .T. ) ;
#3080 = SURFACE_SIDE_STYLE ('',( #197 ) ) ;
#3081 = DIRECTION ( 'NONE',  ( 0.000000000000000000, 0.000000000000000000, -1.000000000000000000 ) ) ;
#3082 = MECHANICAL_DESIGN_GEOMETRIC_PRESENTATION_REPRESENTATION (  '', ( #1545 ), #422 ) ;
#3083 = DIRECTION ( 'NONE',  ( -1.000000000000000000, 0.000000000000000000, 0.000000000000000000 ) ) ;
#3084 = DIRECTION ( 'NONE',  ( 1.000000000000000000, 8.537024980200820092E-17, -1.634662102253861889E-33 ) ) ;
#3085 = CARTESIAN_POINT ( 'NONE',  ( -5.017867965644037476, 4.634999999999998899, 0.000000000000000000 ) ) ;
#3086 = DIRECTION ( 'NONE',  ( 0.000000000000000000, -0.9914448613738108262, 0.1305261922200478819 ) ) ;
#3087 = FILL_AREA_STYLE_COLOUR ( '', #2523 ) ;
#3088 =( GEOMETRIC_REPRESENTATION_CONTEXT ( 3 ) GLOBAL_UNCERTAINTY_ASSIGNED_CONTEXT ( ( #2321 ) ) GLOBAL_UNIT_ASSIGNED_CONTEXT ( ( #2142, #2885, #2648 ) ) REPRESENTATION_CONTEXT ( 'NONE', 'WORKASPACE' ) );
#3089 = ORIENTED_EDGE ( 'NONE', *, *, #508, .T. ) ;
#3090 = ADVANCED_FACE ( 'NONE', ( #2839 ), #567, .F. ) ;
#3091 = FACE_OUTER_BOUND ( 'NONE', #1457, .T. ) ;
#3092 = LINE ( 'NONE', #1202, #3071 ) ;
#3093 = CARTESIAN_POINT ( 'NONE',  ( 0.000000000000000000, -1.841414930380106174, 4.679999999999998828 ) ) ;
#3094 = CYLINDRICAL_SURFACE ( 'NONE', #832, 0.1499999999999999667 ) ;
#3095 = VECTOR ( 'NONE', #620, 1000.000000000000000 ) ;
#3096 =( LENGTH_UNIT ( ) NAMED_UNIT ( * ) SI_UNIT ( .MILLI., .METRE. ) );
#3097 = LINE ( 'NONE', #2099, #483 ) ;
#3098 = VERTEX_POINT ( 'NONE', #905 ) ;
#3099 = CARTESIAN_POINT ( 'NONE',  ( 0.000000000000000000, 0.000000000000000000, 0.000000000000000000 ) ) ;
#3100 = CARTESIAN_POINT ( 'NONE',  ( -4.930000000000002380, 4.634999999999998899, 0.000000000000000000 ) ) ;
#3101 = DIRECTION ( 'NONE',  ( 1.000000000000000000, 0.000000000000000000, 0.000000000000000000 ) ) ;
#3102 =( LENGTH_UNIT ( ) NAMED_UNIT ( * ) SI_UNIT ( .MILLI., .METRE. ) );
#3103 = ORIENTED_EDGE ( 'NONE', *, *, #2825, .F. ) ;
#3104 = ORIENTED_EDGE ( 'NONE', *, *, #1998, .F. ) ;
#3105 = FILL_AREA_STYLE ('',( #642 ) ) ;
#3106 = LINE ( 'NONE', #1892, #224 ) ;
#3107 = VERTEX_POINT ( 'NONE', #2039 ) ;
#3108 = DIRECTION ( 'NONE',  ( -1.000000000000000000, -8.537024980200820092E-17, 0.000000000000000000 ) ) ;
#3109 = UNCERTAINTY_MEASURE_WITH_UNIT (LENGTH_MEASURE( 1.000000000000000082E-05 ), #127, 'distance_accuracy_value', 'NONE');
#3110 = CARTESIAN_POINT ( 'NONE',  ( 4.099999999999998757, -2.225000000000002309, 0.000000000000000000 ) ) ;
#3111 = EDGE_CURVE ( 'NONE', #1314, #2959, #1191, .T. ) ;
#3112 = CARTESIAN_POINT ( 'NONE',  ( -5.080000000000000071, -4.634999999999999787, 2.000000000000047073 ) ) ;
#3113 = ADVANCED_FACE ( 'NONE', ( #1694 ), #503, .F. ) ;
#3114 = VERTEX_POINT ( 'NONE', #696 ) ;
#3115 = DIRECTION ( 'NONE',  ( 0.000000000000000000, 0.000000000000000000, 1.000000000000000000 ) ) ;
#3116 = DIRECTION ( 'NONE',  ( 1.000000000000000000, 0.000000000000000000, 0.000000000000000000 ) ) ;
#3117 = CARTESIAN_POINT ( 'NONE',  ( 4.929999999999998828, 4.075582913392048034, 4.629999999999999893 ) ) ;
#3118 = ORIENTED_EDGE ( 'NONE', *, *, #2393, .T. ) ;
#3119 = CARTESIAN_POINT ( 'NONE',  ( -5.080000000000000071, -4.485000000000000320, 2.009831519422339507 ) ) ;
#3120 = ORIENTED_EDGE ( 'NONE', *, *, #2769, .F. ) ;
#3121 = FACE_OUTER_BOUND ( 'NONE', #2926, .T. ) ;
#3122 = CARTESIAN_POINT ( 'NONE',  ( -5.017867965644035699, -4.634999999999999787, 2.549999999999955858 ) ) ;
#3123 = AXIS2_PLACEMENT_3D ( 'NONE', #2947, #776, #748 ) ;
#3124 = MECHANICAL_DESIGN_GEOMETRIC_PRESENTATION_REPRESENTATION (  '', ( #1641 ), #2051 ) ;
#3125 = ORIENTED_EDGE ( 'NONE', *, *, #2678, .F. ) ;
#3126 = EDGE_CURVE ( 'NONE', #1355, #2358, #848, .T. ) ;
#3127 =( NAMED_UNIT ( * ) SI_UNIT ( $, .STERADIAN. ) SOLID_ANGLE_UNIT ( ) );
#3128 = VECTOR ( 'NONE', #2746, 1000.000000000000000 ) ;
#3129 = VECTOR ( 'NONE', #2463, 1000.000000000000000 ) ;
#3130 = ORIENTED_EDGE ( 'NONE', *, *, #2190, .T. ) ;
#3131 = CARTESIAN_POINT ( 'NONE',  ( 4.930000000000001492, -4.634999999999999787, 2.549999999999941203 ) ) ;
#3132 = EDGE_CURVE ( 'NONE', #2528, #1632, #2082, .T. ) ;
#3133 =( LENGTH_UNIT ( ) NAMED_UNIT ( * ) SI_UNIT ( .MILLI., .METRE. ) );
#3134 = CARTESIAN_POINT ( 'NONE',  ( 4.930000000000000604, -4.209868460931191159, 4.779999999999999361 ) ) ;
#3135 =( NAMED_UNIT ( * ) PLANE_ANGLE_UNIT ( ) SI_UNIT ( $, .RADIAN. ) );
#3136 = COLOUR_RGB ( '',0.2862745098039215508, 0.2862745098039215508, 0.2862745098039215508 ) ;
#3137 = FILL_AREA_STYLE ('',( #3087 ) ) ;
#3138 = PRESENTATION_LAYER_ASSIGNMENT (  '', '', ( #1545 ) ) ;
#3139 = VERTEX_POINT ( 'NONE', #2812 ) ;
#3140 = AXIS2_PLACEMENT_3D ( 'NONE', #2522, #813, #1085 ) ;
#3141 = ORIENTED_EDGE ( 'NONE', *, *, #1625, .F. ) ;
#3142 = ORIENTED_EDGE ( 'NONE', *, *, #1195, .T. ) ;
#3143 = UNCERTAINTY_MEASURE_WITH_UNIT (LENGTH_MEASURE( 1.000000000000000082E-05 ), #275, 'distance_accuracy_value', 'NONE');
#3144 =( GEOMETRIC_REPRESENTATION_CONTEXT ( 3 ) GLOBAL_UNCERTAINTY_ASSIGNED_CONTEXT ( ( #663 ) ) GLOBAL_UNIT_ASSIGNED_CONTEXT ( ( #2955, #2504, #2743 ) ) REPRESENTATION_CONTEXT ( 'NONE', 'WORKASPACE' ) );
#3145 = AXIS2_PLACEMENT_3D ( 'NONE', #2826, #948, #2375 ) ;
#3146 = DIRECTION ( 'NONE',  ( 0.000000000000000000, -0.1305261922200478819, 0.9914448613738109373 ) ) ;
#3147 = VECTOR ( 'NONE', #810, 1000.000000000000000 ) ;
#3148 = VERTEX_POINT ( 'NONE', #2766 ) ;
#3149 = FILL_AREA_STYLE_COLOUR ( '', #822 ) ;
#3150 = AXIS2_PLACEMENT_3D ( 'NONE', #2134, #671, #1610 ) ;
#3151 =( NAMED_UNIT ( * ) SI_UNIT ( $, .STERADIAN. ) SOLID_ANGLE_UNIT ( ) );
#3152 = ADVANCED_FACE ( 'NONE', ( #1863 ), #2335, .T. ) ;
#3153 = DIRECTION ( 'NONE',  ( 0.000000000000000000, 0.9914448613738108262, 0.1305261922200489644 ) ) ;
#3154 = FACE_OUTER_BOUND ( 'NONE', #1065, .T. ) ;
#3155 = ORIENTED_EDGE ( 'NONE', *, *, #1600, .T. ) ;
#3156 = EDGE_CURVE ( 'NONE', #2376, #510, #1931, .T. ) ;
#3157 = PRESENTATION_STYLE_ASSIGNMENT (( #1419 ) ) ;
#3158 = FILL_AREA_STYLE_COLOUR ( '', #674 ) ;
ENDSEC;
END-ISO-10303-21;
